hemisphere,beta,moved,strays,gap_sulc,agree,reach_over_margin
OAS30001_ses-d0129_run-01.lh,0.125,567,1,1.3004,0.9023,1.0
OAS30001_ses-d0129_run-01.lh,0.250,854,0,1.3647,0.9025,2.1
OAS30001_ses-d0129_run-01.lh,0.500,1298,0,1.4126,0.9017,4.1
OAS30001_ses-d0129_run-01.lh,1.000,1899,0,1.4436,0.9032,8.1
OAS30001_ses-d0129_run-01.lh,2.000,2401,0,1.3712,0.9012,16.6
OAS30001_ses-d0129_run-01.lh,8.000,1732,0,1.3590,0.9021,67.0
OAS30001_ses-d0129_run-01.rh,0.125,548,0,1.5302,0.9169,1.1
OAS30001_ses-d0129_run-01.rh,0.250,875,0,1.5272,0.9182,2.1
OAS30001_ses-d0129_run-01.rh,0.500,1317,0,1.5438,0.9184,4.2
OAS30001_ses-d0129_run-01.rh,1.000,1873,0,1.5739,0.9185,8.3
OAS30001_ses-d0129_run-01.rh,2.000,2277,1,1.6087,0.9175,16.8
OAS30001_ses-d0129_run-01.rh,8.000,1619,1,1.6090,0.9169,68.0
OAS30063_ses-d0160_run-01.lh,0.125,740,6,1.3360,0.8344,1.2
OAS30063_ses-d0160_run-01.lh,0.250,1131,4,1.3800,0.8328,2.3
OAS30063_ses-d0160_run-01.lh,0.500,1683,4,1.3956,0.8331,4.6
OAS30063_ses-d0160_run-01.lh,1.000,2210,4,1.4506,0.8316,9.2
OAS30063_ses-d0160_run-01.lh,2.000,2736,4,1.4078,0.8320,18.5
OAS30063_ses-d0160_run-01.lh,8.000,1996,4,1.4167,0.8327,76.7
OAS30063_ses-d0160_run-01.rh,0.125,811,12,1.1159,0.8295,1.2
OAS30063_ses-d0160_run-01.rh,0.250,1213,10,1.1341,0.8295,2.3
OAS30063_ses-d0160_run-01.rh,0.500,1749,8,1.2401,0.8297,4.6
OAS30063_ses-d0160_run-01.rh,1.000,2386,6,1.2402,0.8271,9.2
OAS30063_ses-d0160_run-01.rh,2.000,2945,7,1.1902,0.8286,18.6
OAS30063_ses-d0160_run-01.rh,8.000,2143,7,1.3215,0.8290,78.5
OAS30100_ses-d0158.lh,0.125,674,4,1.2630,0.8565,1.1
OAS30100_ses-d0158.lh,0.250,1036,2,1.3094,0.8570,2.3
OAS30100_ses-d0158.lh,0.500,1510,2,1.3082,0.8572,4.5
OAS30100_ses-d0158.lh,1.000,2104,1,1.4209,0.8593,9.0
OAS30100_ses-d0158.lh,2.000,2483,1,1.3456,0.8580,18.3
OAS30100_ses-d0158.lh,8.000,1837,3,1.3381,0.8567,74.2
OAS30100_ses-d0158.rh,0.125,583,7,1.5398,0.8965,1.0
OAS30100_ses-d0158.rh,0.250,909,5,1.6219,0.8958,2.0
OAS30100_ses-d0158.rh,0.500,1277,4,1.6516,0.8955,4.1
OAS30100_ses-d0158.rh,1.000,1893,3,1.6513,0.8964,8.1
OAS30100_ses-d0158.rh,2.000,2328,3,1.6716,0.8957,16.5
OAS30100_ses-d0158.rh,8.000,1693,4,1.5843,0.8952,67.7
