hemisphere,e_unary,e_icm,e_annealed,pct_vs_icm,agree_icm,agree_annealed,strays_icm,strays_annealed
OAS30001_ses-d0129_run-01.rh,126824.9,123055.0,118742.4,-3.50,0.9177,0.9179,1,1
OAS30966_ses-d0189_run-01.rh,154896.5,150861.6,144977.8,-3.90,0.9102,0.9097,2,0
OAS30474_ses-d0069_run-01.rh,138228.1,134074.7,129067.9,-3.73,0.9101,0.9075,1,2
OAS30776_ses-d2471.lh,154954.3,150631.9,144685.8,-3.95,0.9220,0.9228,4,1
OAS30283_ses-d0064_run-01.lh,137136.2,133361.7,128473.0,-3.67,0.8981,0.8989,1,1
OAS30318_ses-d2975.lh,166233.5,159881.0,152753.2,-4.46,0.8748,0.8742,7,4
OAS30811_ses-d7690_run-01.lh,153886.6,148725.6,142062.3,-4.48,0.9008,0.9006,6,2
OAS30100_ses-d0158.rh,128311.9,123138.0,118344.7,-3.89,0.8951,0.8953,5,4
OAS30063_ses-d0160_run-01.lh,143011.4,136403.4,130460.0,-4.36,0.8340,0.8340,4,4
OAS30393_ses-d7726_run-01.rh,134473.0,131000.1,125544.7,-4.16,0.9052,0.9044,3,2
