case,hemi,setting,dice,null_frac,fs_unknown_frac,null_dice,strays,gap_z,gap_sulc,fs_gap_z,fs_gap_sulc,moved,nvert,nkeep
OAS30001_ses-d0129_run-01,lh,unary,0.90202,0.05861,0.06405,0.953,7,0.0969,1.1479,0.1347,1.4029,0.0,115414,108022
OAS30001_ses-d0129_run-01,lh,t0.5b1,0.90197,0.05861,0.06405,0.953,13,0.1244,1.1759,0.1347,1.4029,0.00576,115414,108022
OAS30001_ses-d0129_run-01,lh,t1b4,0.90205,0.05859,0.06405,0.9531,10,0.1295,1.2203,0.1347,1.4029,0.0072,115414,108022
OAS30001_ses-d0129_run-01,lh,t2b8,0.90233,0.05862,0.06405,0.9537,1,0.1262,1.2045,0.1347,1.4029,0.00716,115414,108022
OAS30001_ses-d0129_run-01,rh,unary,0.91682,0.05551,0.06414,0.9095,3,0.1051,1.4724,0.1176,1.2989,0.0,114168,106737
OAS30001_ses-d0129_run-01,rh,t0.5b1,0.91712,0.05551,0.06414,0.9095,6,0.1275,1.5432,0.1176,1.2989,0.00519,114168,106737
OAS30001_ses-d0129_run-01,rh,t1b4,0.91751,0.05549,0.06414,0.9097,14,0.1314,1.5435,0.1176,1.2989,0.00627,114168,106737
OAS30001_ses-d0129_run-01,rh,t2b8,0.91768,0.05551,0.06414,0.91,1,0.1269,1.5431,0.1176,1.2989,0.00632,114168,106737
OAS30063_ses-d0160_run-01,lh,unary,0.83301,0.06304,0.06658,0.9336,16,0.0758,1.1382,0.0906,1.2078,0.0,113586,105953
OAS30063_ses-d0160_run-01,lh,t0.5b1,0.83403,0.06304,0.06658,0.9336,8,0.0971,1.276,0.0906,1.2078,0.00612,113586,105953
OAS30063_ses-d0160_run-01,lh,t1b4,0.83372,0.06295,0.06658,0.9343,9,0.1076,1.3427,0.0906,1.2078,0.00775,113586,105953
OAS30063_ses-d0160_run-01,lh,t2b8,0.83398,0.06261,0.06658,0.9367,4,0.0997,1.3754,0.0906,1.2078,0.00816,113586,105953
OAS30063_ses-d0160_run-01,rh,unary,0.82873,0.06123,0.06496,0.9235,27,0.0887,0.9176,0.1268,1.4412,0.0,106996,100000
OAS30063_ses-d0160_run-01,rh,t0.5b1,0.83035,0.06123,0.06496,0.9235,17,0.1191,1.0937,0.1268,1.4412,0.00709,106996,100000
OAS30063_ses-d0160_run-01,rh,t1b4,0.8303,0.06111,0.06496,0.9242,32,0.1258,1.0937,0.1268,1.4412,0.00826,106996,100000
OAS30063_ses-d0160_run-01,rh,t2b8,0.8309,0.06063,0.06496,0.9279,8,0.1151,1.1812,0.1268,1.4412,0.00876,106996,100000
OAS30100_ses-d0158,lh,unary,0.85497,0.06313,0.0636,0.9589,15,0.0914,1.0127,0.1321,1.5096,0.0,115878,108378
OAS30100_ses-d0158,lh,t0.5b1,0.85612,0.06313,0.0636,0.9589,11,0.1114,1.2625,0.1321,1.5096,0.00515,115878,108378
OAS30100_ses-d0158,lh,t1b4,0.85663,0.06312,0.0636,0.959,14,0.1186,1.1451,0.1321,1.5096,0.00665,115878,108378
OAS30100_ses-d0158,lh,t2b8,0.85705,0.06314,0.0636,0.9591,6,0.1136,1.2195,0.1321,1.5096,0.00675,115878,108378
OAS30100_ses-d0158,rh,unary,0.89548,0.06002,0.06275,0.9407,10,0.0582,1.4307,0.0897,1.7114,0.0,110658,103642
OAS30100_ses-d0158,rh,t0.5b1,0.89503,0.06002,0.06275,0.9407,14,0.0784,1.5141,0.0897,1.7114,0.00566,110658,103642
OAS30100_ses-d0158,rh,t1b4,0.89496,0.05991,0.06275,0.9417,13,0.0817,1.494,0.0897,1.7114,0.00687,110658,103642
OAS30100_ses-d0158,rh,t2b8,0.89515,0.05972,0.06275,0.9431,5,0.0783,1.4243,0.0897,1.7114,0.00713,110658,103642
OAS30135_ses-d0190,lh,unary,0.89145,0.05862,0.06138,0.9628,4,0.0948,1.2353,0.0986,1.5961,0.0,112132,105205
OAS30135_ses-d0190,lh,t0.5b1,0.89198,0.05862,0.06138,0.9628,4,0.1138,1.4743,0.0986,1.5961,0.00464,112132,105205
OAS30135_ses-d0190,lh,t1b4,0.89167,0.05862,0.06138,0.9628,8,0.1172,1.47,0.0986,1.5961,0.00602,112132,105205
OAS30135_ses-d0190,lh,t2b8,0.89159,0.05864,0.06138,0.9628,0,0.1162,1.4492,0.0986,1.5961,0.00632,112132,105205
OAS30135_ses-d0190,rh,unary,0.89494,0.05777,0.06116,0.9618,19,0.0758,0.9556,0.1051,1.3715,0.0,113418,106442
OAS30135_ses-d0190,rh,t0.5b1,0.89558,0.05777,0.06116,0.9618,17,0.0945,1.208,0.1051,1.3715,0.00593,113418,106442
OAS30135_ses-d0190,rh,t1b4,0.89516,0.0578,0.06116,0.9621,21,0.0999,1.2621,0.1051,1.3715,0.00697,113418,106442
OAS30135_ses-d0190,rh,t2b8,0.89497,0.0578,0.06116,0.9621,7,0.094,1.2406,0.1051,1.3715,0.00698,113418,106442
OAS30174_ses-d0582_run-01,lh,unary,0.90432,0.06316,0.06474,0.9738,10,0.0902,1.3828,0.083,1.4309,0.0,143504,134174
OAS30174_ses-d0582_run-01,lh,t0.5b1,0.90462,0.06316,0.06474,0.9738,8,0.1086,1.5168,0.083,1.4309,0.00443,143504,134174
OAS30174_ses-d0582_run-01,lh,t1b4,0.9043,0.06316,0.06474,0.9737,15,0.112,1.5414,0.083,1.4309,0.00555,143504,134174
OAS30174_ses-d0582_run-01,lh,t2b8,0.90461,0.06317,0.06474,0.9737,1,0.1103,1.547,0.083,1.4309,0.00557,143504,134174
OAS30174_ses-d0582_run-01,rh,unary,0.90656,0.05877,0.06058,0.9676,8,0.0757,1.6645,0.0749,1.5962,0.0,142796,134089
OAS30174_ses-d0582_run-01,rh,t0.5b1,0.90718,0.05877,0.06058,0.9676,7,0.0944,1.7756,0.0749,1.5962,0.00403,142796,134089
OAS30174_ses-d0582_run-01,rh,t1b4,0.9069,0.05875,0.06058,0.9679,7,0.0961,1.806,0.0749,1.5962,0.00493,142796,134089
OAS30174_ses-d0582_run-01,rh,t2b8,0.90674,0.0587,0.06058,0.9684,3,0.0941,1.7727,0.0749,1.5962,0.00515,142796,134089
OAS30212_ses-d0091_run-01,lh,unary,0.89312,0.05699,0.06076,0.9579,29,0.1038,1.369,0.1207,1.3297,0.0,127804,120006
OAS30212_ses-d0091_run-01,lh,t0.5b1,0.8935,0.05699,0.06076,0.9579,12,0.1285,1.6068,0.1207,1.3297,0.00603,127804,120006
OAS30212_ses-d0091_run-01,lh,t1b4,0.89335,0.05695,0.06076,0.9581,21,0.138,1.6512,0.1207,1.3297,0.00756,127804,120006
OAS30212_ses-d0091_run-01,lh,t2b8,0.89327,0.05693,0.06076,0.9582,6,0.1314,1.616,0.1207,1.3297,0.00755,127804,120006
OAS30212_ses-d0091_run-01,rh,unary,0.89106,0.05569,0.05904,0.9337,20,0.0889,1.7447,0.112,1.7608,0.0,128864,121156
OAS30212_ses-d0091_run-01,rh,t0.5b1,0.89224,0.05569,0.05904,0.9337,19,0.1096,1.9465,0.112,1.7608,0.00506,128864,121156
OAS30212_ses-d0091_run-01,rh,t1b4,0.89234,0.05564,0.05904,0.934,21,0.1145,1.9325,0.112,1.7608,0.00659,128864,121156
OAS30212_ses-d0091_run-01,rh,t2b8,0.89231,0.05545,0.05904,0.9336,4,0.112,1.887,0.112,1.7608,0.0066,128864,121156
OAS30246_ses-d0119_run-01,lh,unary,0.90129,0.05745,0.05696,0.9606,10,0.0608,1.3326,0.1282,2.1293,0.0,140202,132037
OAS30246_ses-d0119_run-01,lh,t0.5b1,0.90203,0.05745,0.05696,0.9606,17,0.08,1.4971,0.1282,2.1293,0.00463,140202,132037
OAS30246_ses-d0119_run-01,lh,t1b4,0.90182,0.05741,0.05696,0.9609,14,0.0832,1.499,0.1282,2.1293,0.00551,140202,132037
OAS30246_ses-d0119_run-01,lh,t2b8,0.90205,0.05734,0.05696,0.9616,2,0.0782,1.4454,0.1282,2.1293,0.00573,140202,132037
OAS30246_ses-d0119_run-01,rh,unary,0.88452,0.05506,0.05761,0.9456,9,0.0876,1.9233,0.1155,2.3371,0.0,139236,131141
OAS30246_ses-d0119_run-01,rh,t0.5b1,0.88438,0.05506,0.05761,0.9456,9,0.102,2.0791,0.1155,2.3371,0.00474,139236,131141
OAS30246_ses-d0119_run-01,rh,t1b4,0.8838,0.05506,0.05761,0.9456,13,0.1065,2.0746,0.1155,2.3371,0.00585,139236,131141
OAS30246_ses-d0119_run-01,rh,t2b8,0.88394,0.05506,0.05761,0.9458,4,0.1032,2.0845,0.1155,2.3371,0.00607,139236,131141
OAS30283_ses-d0064_run-01,lh,unary,0.89899,0.05848,0.06038,0.9562,4,0.1059,1.5713,0.093,1.1764,0.0,123200,115727
OAS30283_ses-d0064_run-01,lh,t0.5b1,0.89835,0.05848,0.06038,0.9562,4,0.1343,1.6804,0.093,1.1764,0.00468,123200,115727
OAS30283_ses-d0064_run-01,lh,t1b4,0.89825,0.05845,0.06038,0.9561,9,0.1385,1.6884,0.093,1.1764,0.00597,123200,115727
OAS30283_ses-d0064_run-01,lh,t2b8,0.89813,0.05846,0.06038,0.9564,1,0.1365,1.7002,0.093,1.1764,0.00616,123200,115727
OAS30283_ses-d0064_run-01,rh,unary,0.89697,0.05707,0.05838,0.9634,4,0.0729,1.6106,0.0877,1.5292,0.0,122474,115246
OAS30283_ses-d0064_run-01,rh,t0.5b1,0.89632,0.05707,0.05838,0.9634,10,0.0885,1.7352,0.0877,1.5292,0.00474,122474,115246
OAS30283_ses-d0064_run-01,rh,t1b4,0.89636,0.05699,0.05838,0.964,15,0.0927,1.6995,0.0877,1.5292,0.00583,122474,115246
OAS30283_ses-d0064_run-01,rh,t2b8,0.89663,0.05698,0.05838,0.9643,2,0.0861,1.6877,0.0877,1.5292,0.00586,122474,115246
OAS30318_ses-d2975,lh,unary,0.87548,0.06112,0.06031,0.9574,23,0.0782,1.5661,0.1024,1.674,0.0,137964,129539
OAS30318_ses-d2975,lh,t0.5b1,0.87499,0.06112,0.06031,0.9574,16,0.1021,1.792,0.1024,1.674,0.00571,137964,129539
OAS30318_ses-d2975,lh,t1b4,0.87459,0.06111,0.06031,0.9576,24,0.1077,1.8169,0.1024,1.674,0.00729,137964,129539
OAS30318_ses-d2975,lh,t2b8,0.87482,0.06098,0.06031,0.9585,7,0.1022,1.7637,0.1024,1.674,0.0074,137964,129539
OAS30318_ses-d2975,rh,unary,0.88415,0.05784,0.05913,0.9492,16,0.0904,1.3917,0.0928,1.6487,0.0,139600,131260
OAS30318_ses-d2975,rh,t0.5b1,0.88368,0.05784,0.05913,0.9492,18,0.1201,1.6812,0.0928,1.6487,0.00571,139600,131260
OAS30318_ses-d2975,rh,t1b4,0.88373,0.05779,0.05913,0.9496,19,0.1238,1.6813,0.0928,1.6487,0.00706,139600,131260
OAS30318_ses-d2975,rh,t2b8,0.88366,0.05773,0.05913,0.9506,3,0.1223,1.6201,0.0928,1.6487,0.00725,139600,131260
OAS30355_ses-d0048,lh,unary,0.90198,0.05599,0.05764,0.9622,7,0.0993,1.7979,0.1279,1.8053,0.0,144482,136063
OAS30355_ses-d0048,lh,t0.5b1,0.90211,0.05599,0.05764,0.9622,8,0.1168,1.9265,0.1279,1.8053,0.00468,144482,136063
OAS30355_ses-d0048,lh,t1b4,0.90207,0.05599,0.05764,0.9623,7,0.1232,1.9245,0.1279,1.8053,0.0059,144482,136063
OAS30355_ses-d0048,lh,t2b8,0.90223,0.05594,0.05764,0.9626,1,0.1204,1.9272,0.1279,1.8053,0.00603,144482,136063
OAS30355_ses-d0048,rh,unary,0.89827,0.05139,0.05144,0.964,17,0.0772,1.6271,0.1183,1.8814,0.0,143166,135697
OAS30355_ses-d0048,rh,t0.5b1,0.89902,0.05139,0.05144,0.964,9,0.0933,1.8388,0.1183,1.8814,0.00436,143166,135697
OAS30355_ses-d0048,rh,t1b4,0.8988,0.05134,0.05144,0.9645,11,0.0978,1.8498,0.1183,1.8814,0.00562,143166,135697
OAS30355_ses-d0048,rh,t2b8,0.89891,0.05134,0.05144,0.9646,0,0.0915,1.8481,0.1183,1.8814,0.00582,143166,135697
OAS30393_ses-d7726_run-01,lh,unary,0.90266,0.06213,0.06121,0.9667,10,0.1247,1.3347,0.1616,1.7942,0.0,120382,112902
OAS30393_ses-d7726_run-01,lh,t0.5b1,0.9034,0.06213,0.06121,0.9667,7,0.1494,1.4259,0.1616,1.7942,0.00523,120382,112902
OAS30393_ses-d7726_run-01,lh,t1b4,0.90314,0.06213,0.06121,0.9667,9,0.1537,1.4046,0.1616,1.7942,0.0066,120382,112902
OAS30393_ses-d7726_run-01,lh,t2b8,0.90349,0.06209,0.06121,0.9673,3,0.1512,1.3743,0.1616,1.7942,0.00697,120382,112902
OAS30393_ses-d7726_run-01,rh,unary,0.90528,0.05819,0.05998,0.9551,8,0.0757,1.0621,0.1276,1.3172,0.0,119614,112373
OAS30393_ses-d7726_run-01,rh,t0.5b1,0.905,0.05819,0.05998,0.9551,10,0.0984,1.3,0.1276,1.3172,0.00416,119614,112373
OAS30393_ses-d7726_run-01,rh,t1b4,0.90511,0.05816,0.05998,0.9555,17,0.0986,1.3054,0.1276,1.3172,0.00548,119614,112373
OAS30393_ses-d7726_run-01,rh,t2b8,0.9052,0.05817,0.05998,0.9556,3,0.094,1.3065,0.1276,1.3172,0.0057,119614,112373
OAS30432_ses-d0100,lh,unary,0.90494,0.05722,0.05933,0.9647,9,0.0943,0.9187,0.1407,1.7022,0.0,121362,114125
OAS30432_ses-d0100,lh,t0.5b1,0.90554,0.05722,0.05933,0.9647,9,0.1148,1.0607,0.1407,1.7022,0.00481,121362,114125
OAS30432_ses-d0100,lh,t1b4,0.90572,0.05722,0.05933,0.9647,7,0.1177,1.06,0.1407,1.7022,0.00623,121362,114125
OAS30432_ses-d0100,lh,t2b8,0.90585,0.05709,0.05933,0.9659,5,0.1172,1.0567,0.1407,1.7022,0.00662,121362,114125
OAS30432_ses-d0100,rh,unary,0.89906,0.05644,0.06153,0.9467,9,0.0953,1.6731,0.1221,1.828,0.0,122976,115389
OAS30432_ses-d0100,rh,t0.5b1,0.89858,0.05644,0.06153,0.9467,6,0.1122,1.8187,0.1221,1.828,0.00477,122976,115389
OAS30432_ses-d0100,rh,t1b4,0.89931,0.05643,0.06153,0.9467,10,0.1147,1.7897,0.1221,1.828,0.00606,122976,115389
OAS30432_ses-d0100,rh,t2b8,0.89938,0.05643,0.06153,0.9469,4,0.1131,1.7704,0.1221,1.828,0.00624,122976,115389
OAS30474_ses-d0069_run-01,lh,unary,0.90361,0.06384,0.06639,0.9581,5,0.1165,1.7905,0.1481,1.6775,0.0,120180,112160
OAS30474_ses-d0069_run-01,lh,t0.5b1,0.90417,0.06384,0.06639,0.9581,11,0.1346,1.8845,0.1481,1.6775,0.00433,120180,112160
OAS30474_ses-d0069_run-01,lh,t1b4,0.90412,0.06385,0.06639,0.9583,12,0.1376,1.9424,0.1481,1.6775,0.00554,120180,112160
OAS30474_ses-d0069_run-01,lh,t2b8,0.90442,0.06385,0.06639,0.9586,3,0.135,1.8728,0.1481,1.6775,0.00582,120180,112160
OAS30474_ses-d0069_run-01,rh,unary,0.90982,0.0561,0.06169,0.9342,7,0.0993,1.5516,0.0811,1.5493,0.0,123082,115464
OAS30474_ses-d0069_run-01,rh,t0.5b1,0.90992,0.0561,0.06169,0.9342,7,0.1183,1.7434,0.0811,1.5493,0.0046,123082,115464
OAS30474_ses-d0069_run-01,rh,t1b4,0.90997,0.05609,0.06169,0.9344,10,0.1243,1.7437,0.0811,1.5493,0.00585,123082,115464
OAS30474_ses-d0069_run-01,rh,t2b8,0.91006,0.05609,0.06169,0.9354,1,0.1216,1.7645,0.0811,1.5493,0.00594,123082,115464
OAS30513_ses-d0119,lh,unary,0.91118,0.05689,0.05943,0.9525,11,0.052,1.1861,0.0872,1.3097,0.0,126012,118492
OAS30513_ses-d0119,lh,t0.5b1,0.9119,0.05689,0.05943,0.9525,12,0.0755,1.3097,0.0872,1.3097,0.00457,126012,118492
OAS30513_ses-d0119,lh,t1b4,0.9118,0.05687,0.05943,0.9528,15,0.078,1.3617,0.0872,1.3097,0.00553,126012,118492
OAS30513_ses-d0119,lh,t2b8,0.9119,0.05681,0.05943,0.9539,3,0.0743,1.276,0.0872,1.3097,0.00563,126012,118492
OAS30513_ses-d0119,rh,unary,0.89932,0.05544,0.06039,0.9414,14,0.0953,1.3385,0.1132,1.7553,0.0,125892,118229
OAS30513_ses-d0119,rh,t0.5b1,0.89968,0.05544,0.06039,0.9414,12,0.1091,1.62,0.1132,1.7553,0.00493,125892,118229
OAS30513_ses-d0119,rh,t1b4,0.89935,0.05544,0.06039,0.9414,19,0.1138,1.6229,0.1132,1.7553,0.00624,125892,118229
OAS30513_ses-d0119,rh,t2b8,0.89969,0.05541,0.06039,0.9416,5,0.1078,1.5834,0.1132,1.7553,0.00628,125892,118229
OAS30551_ses-d0104,lh,unary,0.90928,0.05833,0.06451,0.9431,7,0.1257,1.6327,0.1467,1.9485,0.0,124104,116077
OAS30551_ses-d0104,lh,t0.5b1,0.90953,0.05833,0.06451,0.9431,8,0.1427,1.7756,0.1467,1.9485,0.00495,124104,116077
OAS30551_ses-d0104,lh,t1b4,0.90956,0.05833,0.06451,0.9431,12,0.1488,1.8179,0.1467,1.9485,0.00649,124104,116077
OAS30551_ses-d0104,lh,t2b8,0.90938,0.0583,0.06451,0.9431,3,0.1469,1.7883,0.1467,1.9485,0.00662,124104,116077
OAS30551_ses-d0104,rh,unary,0.89914,0.05396,0.05583,0.9621,9,0.0786,1.613,0.132,1.8251,0.0,122284,115419
OAS30551_ses-d0104,rh,t0.5b1,0.90023,0.05396,0.05583,0.9621,11,0.0948,1.7995,0.132,1.8251,0.00494,122284,115419
OAS30551_ses-d0104,rh,t1b4,0.90042,0.05395,0.05583,0.9622,9,0.0951,1.7238,0.132,1.8251,0.0061,122284,115419
OAS30551_ses-d0104,rh,t2b8,0.90051,0.05396,0.05583,0.9621,3,0.0947,1.7215,0.132,1.8251,0.00621,122284,115419
OAS30587_ses-d4511,lh,unary,0.8783,0.05929,0.05906,0.9599,16,0.0831,0.757,0.1241,1.441,0.0,128434,120770
OAS30587_ses-d4511,lh,t0.5b1,0.87911,0.05929,0.05906,0.9599,11,0.1033,0.9657,0.1241,1.441,0.00548,128434,120770
OAS30587_ses-d4511,lh,t1b4,0.87897,0.05923,0.05906,0.9604,11,0.1103,1.018,0.1241,1.441,0.00648,128434,120770
OAS30587_ses-d4511,lh,t2b8,0.87921,0.05917,0.05906,0.9609,5,0.1058,1.0272,0.1241,1.441,0.00666,128434,120770
OAS30587_ses-d4511,rh,unary,0.87248,0.05916,0.06682,0.9246,21,0.0728,0.9779,0.1015,1.6623,0.0,132034,123175
OAS30587_ses-d4511,rh,t0.5b1,0.87255,0.05916,0.06682,0.9246,26,0.1007,1.1697,0.1015,1.6623,0.00602,132034,123175
OAS30587_ses-d4511,rh,t1b4,0.87272,0.05914,0.06682,0.9247,28,0.1035,1.1916,0.1015,1.6623,0.00722,132034,123175
OAS30587_ses-d4511,rh,t2b8,0.87302,0.05904,0.06682,0.9244,7,0.0964,1.1473,0.1015,1.6623,0.00739,132034,123175
OAS30625_ses-d0033,lh,unary,0.87142,0.05042,0.05097,0.9594,23,0.1028,1.4461,0.1194,1.7657,0.0,153646,145729
OAS30625_ses-d0033,lh,t0.5b1,0.87214,0.05042,0.05097,0.9594,21,0.1258,1.5242,0.1194,1.7657,0.00551,153646,145729
OAS30625_ses-d0033,lh,t1b4,0.87215,0.05039,0.05097,0.9597,25,0.1294,1.525,0.1194,1.7657,0.00686,153646,145729
OAS30625_ses-d0033,lh,t2b8,0.87221,0.0504,0.05097,0.9597,12,0.1254,1.5091,0.1194,1.7657,0.00704,153646,145729
OAS30625_ses-d0033,rh,unary,0.89436,0.04898,0.05088,0.959,25,0.0672,1.4153,0.12,2.3393,0.0,153960,146081
OAS30625_ses-d0033,rh,t0.5b1,0.89526,0.04898,0.05088,0.959,26,0.0816,1.6469,0.12,2.3393,0.00465,153960,146081
OAS30625_ses-d0033,rh,t1b4,0.89529,0.04893,0.05088,0.9595,20,0.0841,1.6389,0.12,2.3393,0.00569,153960,146081
OAS30625_ses-d0033,rh,t2b8,0.89569,0.04879,0.05088,0.9609,11,0.0847,1.5981,0.12,2.3393,0.00592,153960,146081
OAS30664_ses-d0226_run-01,lh,unary,0.90835,0.06363,0.06762,0.9609,8,0.1034,1.4477,0.1644,2.0316,0.0,109202,101787
OAS30664_ses-d0226_run-01,lh,t0.5b1,0.90857,0.06363,0.06762,0.9609,11,0.1269,1.6272,0.1644,2.0316,0.00448,109202,101787
OAS30664_ses-d0226_run-01,lh,t1b4,0.90829,0.06363,0.06762,0.9609,19,0.1385,1.6781,0.1644,2.0316,0.00558,109202,101787
OAS30664_ses-d0226_run-01,lh,t2b8,0.90887,0.06365,0.06762,0.9611,1,0.1335,1.6292,0.1644,2.0316,0.00564,109202,101787
OAS30664_ses-d0226_run-01,rh,unary,0.90751,0.06247,0.06695,0.9527,7,0.1228,1.7005,0.1186,1.6609,0.0,109484,102124
OAS30664_ses-d0226_run-01,rh,t0.5b1,0.9082,0.06247,0.06695,0.9527,4,0.139,1.7784,0.1186,1.6609,0.00479,109484,102124
OAS30664_ses-d0226_run-01,rh,t1b4,0.90832,0.06246,0.06695,0.9529,6,0.144,1.8015,0.1186,1.6609,0.00623,109484,102124
OAS30664_ses-d0226_run-01,rh,t2b8,0.9085,0.06246,0.06695,0.953,2,0.1422,1.813,0.1186,1.6609,0.00644,109484,102124
OAS30703_ses-d0076_run-01,lh,unary,0.89996,0.06645,0.06675,0.961,10,0.1404,0.943,0.1494,1.2077,0.0,114476,106758
OAS30703_ses-d0076_run-01,lh,t0.5b1,0.90078,0.06645,0.06675,0.961,7,0.1754,1.1417,0.1494,1.2077,0.0059,114476,106758
OAS30703_ses-d0076_run-01,lh,t1b4,0.9009,0.06647,0.06675,0.9609,6,0.182,1.1572,0.1494,1.2077,0.00732,114476,106758
OAS30703_ses-d0076_run-01,lh,t2b8,0.90072,0.06643,0.06675,0.9612,2,0.1842,1.1549,0.1494,1.2077,0.00771,114476,106758
OAS30703_ses-d0076_run-01,rh,unary,0.89853,0.06645,0.08166,0.8858,11,0.0926,1.5659,0.137,1.5301,0.0,113654,104352
OAS30703_ses-d0076_run-01,rh,t0.5b1,0.8984,0.06645,0.08166,0.8858,11,0.1068,1.5755,0.137,1.5301,0.00502,113654,104352
OAS30703_ses-d0076_run-01,rh,t1b4,0.89833,0.06641,0.08166,0.8857,10,0.1135,1.6005,0.137,1.5301,0.00606,113654,104352
OAS30703_ses-d0076_run-01,rh,t2b8,0.89835,0.06631,0.08166,0.8851,2,0.109,1.5506,0.137,1.5301,0.0064,113654,104352
OAS30741_ses-d3184,lh,unary,0.87419,0.06464,0.06372,0.9502,16,0.0955,1.3393,0.0886,2.1401,0.0,146134,136536
OAS30741_ses-d3184,lh,t0.5b1,0.87437,0.06464,0.06372,0.9502,20,0.1202,1.4406,0.0886,2.1401,0.00532,146134,136536
OAS30741_ses-d3184,lh,t1b4,0.87388,0.06465,0.06372,0.9502,18,0.1231,1.4674,0.0886,2.1401,0.00643,146134,136536
OAS30741_ses-d3184,lh,t2b8,0.8739,0.06471,0.06372,0.9498,5,0.1193,1.4383,0.0886,2.1401,0.0067,146134,136536
OAS30741_ses-d3184,rh,unary,0.89308,0.06189,0.06789,0.925,7,0.0853,1.7879,0.1062,2.1374,0.0,142044,132281
OAS30741_ses-d3184,rh,t0.5b1,0.89327,0.06189,0.06789,0.925,9,0.1029,1.8668,0.1062,2.1374,0.00415,142044,132281
OAS30741_ses-d3184,rh,t1b4,0.89325,0.06181,0.06789,0.9253,14,0.1078,1.8493,0.1062,2.1374,0.00528,142044,132281
OAS30741_ses-d3184,rh,t2b8,0.89354,0.06176,0.06789,0.925,3,0.104,1.8384,0.1062,2.1374,0.00532,142044,132281
OAS30776_ses-d2471,lh,unary,0.92095,0.05602,0.05788,0.9504,13,0.1136,1.8662,0.1157,1.7851,0.0,140888,132638
OAS30776_ses-d2471,lh,t0.5b1,0.92139,0.05602,0.05788,0.9504,13,0.1404,2.0545,0.1157,1.7851,0.00413,140888,132638
OAS30776_ses-d2471,lh,t1b4,0.92164,0.05601,0.05788,0.9507,13,0.1434,2.0566,0.1157,1.7851,0.00549,140888,132638
OAS30776_ses-d2471,lh,t2b8,0.92198,0.05599,0.05788,0.9512,4,0.1424,2.0298,0.1157,1.7851,0.00564,140888,132638
OAS30776_ses-d2471,rh,unary,0.90524,0.05248,0.0541,0.9498,7,0.0862,1.8268,0.0939,1.8399,0.0,142508,134665
OAS30776_ses-d2471,rh,t0.5b1,0.90511,0.05248,0.0541,0.9498,8,0.1126,2.0458,0.0939,1.8399,0.00432,142508,134665
OAS30776_ses-d2471,rh,t1b4,0.90476,0.05245,0.0541,0.9501,12,0.1157,2.1053,0.0939,1.8399,0.00552,142508,134665
OAS30776_ses-d2471,rh,t2b8,0.90464,0.05247,0.0541,0.9503,3,0.113,2.1197,0.0939,1.8399,0.00556,142508,134665
OAS30811_ses-d7690_run-01,lh,unary,0.89954,0.06281,0.06429,0.9728,17,0.0908,1.1612,0.1058,1.4746,0.0,128146,119872
OAS30811_ses-d7690_run-01,lh,t0.5b1,0.90085,0.06281,0.06429,0.9728,16,0.1154,1.4305,0.1058,1.4746,0.00575,128146,119872
OAS30811_ses-d7690_run-01,lh,t1b4,0.90099,0.06277,0.06429,0.973,13,0.1147,1.3775,0.1058,1.4746,0.00727,128146,119872
OAS30811_ses-d7690_run-01,lh,t2b8,0.9008,0.06279,0.06429,0.9732,6,0.1142,1.4246,0.1058,1.4746,0.00741,128146,119872
OAS30811_ses-d7690_run-01,rh,unary,0.87885,0.05852,0.06414,0.9415,17,0.084,1.1079,0.108,1.2998,0.0,127510,119309
OAS30811_ses-d7690_run-01,rh,t0.5b1,0.88008,0.05852,0.06414,0.9415,19,0.1075,1.4686,0.108,1.2998,0.00583,127510,119309
OAS30811_ses-d7690_run-01,rh,t1b4,0.87953,0.05851,0.06414,0.9418,26,0.111,1.3829,0.108,1.2998,0.00712,127510,119309
OAS30811_ses-d7690_run-01,rh,t2b8,0.87926,0.05846,0.06414,0.9426,11,0.1046,1.4543,0.108,1.2998,0.0073,127510,119309
OAS30851_ses-d0000_run-01,lh,unary,0.89835,0.05423,0.05462,0.9559,21,0.0781,1.2914,0.1033,1.4996,0.0,143798,135812
OAS30851_ses-d0000_run-01,lh,t0.5b1,0.89885,0.05423,0.05462,0.9559,20,0.0965,1.4297,0.1033,1.4996,0.00511,143798,135812
OAS30851_ses-d0000_run-01,lh,t1b4,0.8986,0.05422,0.05462,0.956,23,0.1016,1.4745,0.1033,1.4996,0.00634,143798,135812
OAS30851_ses-d0000_run-01,lh,t2b8,0.89854,0.05419,0.05462,0.9558,12,0.0987,1.4346,0.1033,1.4996,0.00638,143798,135812
OAS30851_ses-d0000_run-01,rh,unary,0.89698,0.0502,0.05161,0.9439,19,0.1041,1.5441,0.092,1.662,0.0,147486,139793
OAS30851_ses-d0000_run-01,rh,t0.5b1,0.89786,0.0502,0.05161,0.9439,12,0.1327,1.7463,0.092,1.662,0.00554,147486,139793
OAS30851_ses-d0000_run-01,rh,t1b4,0.89781,0.05017,0.05161,0.9442,15,0.1434,1.7598,0.092,1.662,0.00675,147486,139793
OAS30851_ses-d0000_run-01,rh,t2b8,0.89766,0.05003,0.05161,0.9448,5,0.1405,1.7184,0.092,1.662,0.00696,147486,139793
OAS30888_ses-d0066,lh,unary,0.88744,0.06002,0.06133,0.9623,12,0.0905,1.5474,0.12,2.2015,0.0,134096,125754
OAS30888_ses-d0066,lh,t0.5b1,0.88776,0.06002,0.06133,0.9623,13,0.109,1.7659,0.12,2.2015,0.00536,134096,125754
OAS30888_ses-d0066,lh,t1b4,0.88793,0.06003,0.06133,0.9625,19,0.1149,1.7941,0.12,2.2015,0.00693,134096,125754
OAS30888_ses-d0066,lh,t2b8,0.88807,0.06002,0.06133,0.9627,7,0.1127,1.7663,0.12,2.2015,0.00705,134096,125754
OAS30888_ses-d0066,rh,unary,0.88657,0.0554,0.05739,0.9622,16,0.0793,1.5636,0.0919,1.7568,0.0,133530,125806
OAS30888_ses-d0066,rh,t0.5b1,0.88633,0.0554,0.05739,0.9622,20,0.1004,1.7457,0.0919,1.7568,0.00467,133530,125806
OAS30888_ses-d0066,rh,t1b4,0.88621,0.0554,0.05739,0.9622,24,0.1059,1.788,0.0919,1.7568,0.00583,133530,125806
OAS30888_ses-d0066,rh,t2b8,0.88667,0.05542,0.05739,0.9626,6,0.1007,1.7876,0.0919,1.7568,0.00591,133530,125806
OAS30926_ses-d0092,lh,unary,0.90681,0.05786,0.05767,0.9703,7,0.121,1.8184,0.1366,2.1301,0.0,131078,123420
OAS30926_ses-d0092,lh,t0.5b1,0.90751,0.05786,0.05767,0.9703,7,0.1369,1.8458,0.1366,2.1301,0.0046,131078,123420
OAS30926_ses-d0092,lh,t1b4,0.90747,0.05777,0.05767,0.9713,7,0.1394,1.8993,0.1366,2.1301,0.00578,131078,123420
OAS30926_ses-d0092,lh,t2b8,0.90752,0.05771,0.05767,0.9718,3,0.1379,1.9342,0.1366,2.1301,0.00604,131078,123420
OAS30926_ses-d0092,rh,unary,0.91016,0.05524,0.0572,0.9508,12,0.085,1.7295,0.1098,1.7047,0.0,133212,125480
OAS30926_ses-d0092,rh,t0.5b1,0.90983,0.05524,0.0572,0.9508,7,0.1067,1.8634,0.1098,1.7047,0.00387,133212,125480
OAS30926_ses-d0092,rh,t1b4,0.90945,0.05521,0.0572,0.9512,8,0.1113,1.889,0.1098,1.7047,0.00495,133212,125480
OAS30926_ses-d0092,rh,t2b8,0.90959,0.05518,0.0572,0.9518,3,0.1076,1.8854,0.1098,1.7047,0.00521,133212,125480
OAS30966_ses-d0189_run-01,lh,unary,0.90926,0.05396,0.05464,0.9713,8,0.1248,1.4738,0.1282,1.6661,0.0,139392,131717
OAS30966_ses-d0189_run-01,lh,t0.5b1,0.90896,0.05396,0.05464,0.9713,7,0.1423,1.6118,0.1282,1.6661,0.00445,139392,131717
OAS30966_ses-d0189_run-01,lh,t1b4,0.90914,0.05396,0.05464,0.9713,16,0.147,1.6217,0.1282,1.6661,0.00593,139392,131717
OAS30966_ses-d0189_run-01,lh,t2b8,0.90919,0.05398,0.05464,0.9719,4,0.1455,1.6334,0.1282,1.6661,0.00622,139392,131717
OAS30966_ses-d0189_run-01,rh,unary,0.91028,0.05148,0.05501,0.9517,8,0.0941,1.2604,0.0956,1.3525,0.0,143618,135679
OAS30966_ses-d0189_run-01,rh,t0.5b1,0.91029,0.05148,0.05501,0.9517,8,0.1137,1.4364,0.0956,1.3525,0.00373,143618,135679
OAS30966_ses-d0189_run-01,rh,t1b4,0.91013,0.05148,0.05501,0.9518,17,0.12,1.4354,0.0956,1.3525,0.00487,143618,135679
OAS30966_ses-d0189_run-01,rh,t2b8,0.91016,0.05138,0.05501,0.9525,2,0.1118,1.3516,0.0956,1.3525,0.00506,143618,135679
OAS31001_ses-d0064,lh,unary,0.90711,0.05046,0.05364,0.943,17,0.0972,1.1778,0.1063,1.669,0.0,149908,141741
OAS31001_ses-d0064,lh,t0.5b1,0.90805,0.05046,0.05364,0.943,20,0.1172,1.3336,0.1063,1.669,0.00497,149908,141741
OAS31001_ses-d0064,lh,t1b4,0.90828,0.05044,0.05364,0.9432,19,0.1232,1.3151,0.1063,1.669,0.00614,149908,141741
OAS31001_ses-d0064,lh,t2b8,0.90835,0.05042,0.05364,0.9433,9,0.1182,1.3072,0.1063,1.669,0.00641,149908,141741
OAS31001_ses-d0064,rh,unary,0.89584,0.04779,0.05033,0.9447,23,0.0698,1.176,0.0884,1.7192,0.0,150866,143206
OAS31001_ses-d0064,rh,t0.5b1,0.89677,0.04779,0.05033,0.9447,22,0.0863,1.3737,0.0884,1.7192,0.00508,150866,143206
OAS31001_ses-d0064,rh,t1b4,0.8965,0.04776,0.05033,0.945,25,0.091,1.4211,0.0884,1.7192,0.0062,150866,143206
OAS31001_ses-d0064,rh,t2b8,0.8965,0.04776,0.05033,0.9455,9,0.0877,1.396,0.0884,1.7192,0.00612,150866,143206
OAS31037_ses-d3295_run-01,lh,unary,0.89706,0.0616,0.06314,0.9722,8,0.0713,1.0902,0.1245,1.635,0.0,118986,111434
OAS31037_ses-d3295_run-01,lh,t0.5b1,0.89716,0.0616,0.06314,0.9722,7,0.0947,1.1483,0.1245,1.635,0.0052,118986,111434
OAS31037_ses-d3295_run-01,lh,t1b4,0.897,0.06159,0.06314,0.9724,11,0.0985,1.1985,0.1245,1.635,0.0066,118986,111434
OAS31037_ses-d3295_run-01,lh,t2b8,0.89723,0.0616,0.06314,0.9723,2,0.0954,1.1883,0.1245,1.635,0.00667,118986,111434
OAS31037_ses-d3295_run-01,rh,unary,0.88204,0.05754,0.0599,0.9634,10,0.0982,1.5347,0.1312,1.7186,0.0,119962,112744
OAS31037_ses-d3295_run-01,rh,t0.5b1,0.8827,0.05754,0.0599,0.9634,22,0.1169,1.7078,0.1312,1.7186,0.0052,119962,112744
OAS31037_ses-d3295_run-01,rh,t1b4,0.88276,0.05754,0.0599,0.9634,17,0.1172,1.7003,0.1312,1.7186,0.00644,119962,112744
OAS31037_ses-d3295_run-01,rh,t2b8,0.88315,0.05758,0.0599,0.964,4,0.1152,1.6612,0.1312,1.7186,0.00649,119962,112744
OAS31075_ses-d1199,lh,unary,0.88086,0.0637,0.06684,0.9541,3,0.1247,1.2639,0.1357,1.4655,0.0,100590,93814
OAS31075_ses-d1199,lh,t0.5b1,0.88122,0.0637,0.06684,0.9541,7,0.1457,1.3304,0.1357,1.4655,0.00564,100590,93814
OAS31075_ses-d1199,lh,t1b4,0.88152,0.06367,0.06684,0.9543,10,0.1457,1.3967,0.1357,1.4655,0.00697,100590,93814
OAS31075_ses-d1199,lh,t2b8,0.88154,0.06368,0.06684,0.9542,5,0.145,1.4014,0.1357,1.4655,0.00727,100590,93814
OAS31075_ses-d1199,rh,unary,0.90654,0.06068,0.06733,0.9384,5,0.1024,1.5173,0.1164,1.7156,0.0,103432,96461
OAS31075_ses-d1199,rh,t0.5b1,0.90851,0.06068,0.06733,0.9384,3,0.1187,1.6836,0.1164,1.7156,0.00509,103432,96461
OAS31075_ses-d1199,rh,t1b4,0.90803,0.06066,0.06733,0.9385,12,0.1216,1.6957,0.1164,1.7156,0.00678,103432,96461
OAS31075_ses-d1199,rh,t2b8,0.90816,0.06066,0.06733,0.9387,1,0.1192,1.6805,0.1164,1.7156,0.00693,103432,96461
OAS31114_ses-d0695_run-01,lh,unary,0.88886,0.05515,0.05738,0.9586,9,0.1138,1.6538,0.1233,2.2785,0.0,141528,133391
OAS31114_ses-d0695_run-01,lh,t0.5b1,0.88879,0.05515,0.05738,0.9586,11,0.1323,1.8684,0.1233,2.2785,0.00494,141528,133391
OAS31114_ses-d0695_run-01,lh,t1b4,0.88873,0.05504,0.05738,0.9595,8,0.142,1.9357,0.1233,2.2785,0.00653,141528,133391
OAS31114_ses-d0695_run-01,lh,t2b8,0.88873,0.05488,0.05738,0.9614,1,0.1375,1.9702,0.1233,2.2785,0.00703,141528,133391
OAS31114_ses-d0695_run-01,rh,unary,0.91013,0.0535,0.0554,0.9577,2,0.1373,1.702,0.1236,1.7304,0.0,142062,134124
OAS31114_ses-d0695_run-01,rh,t0.5b1,0.91126,0.0535,0.0554,0.9577,4,0.1511,1.8205,0.1236,1.7304,0.00452,142062,134124
OAS31114_ses-d0695_run-01,rh,t1b4,0.91083,0.05346,0.0554,0.9581,13,0.161,1.81,0.1236,1.7304,0.006,142062,134124
OAS31114_ses-d0695_run-01,rh,t2b8,0.91093,0.05329,0.0554,0.9602,0,0.1481,1.9363,0.1236,1.7304,0.00629,142062,134124
