hemisphere,k,sigma,null_pct,gap_sulc,strays_pre,strays_post,agree
OAS30625_ses-d.lh,4,0.5,4.66,2.1020,37,21,0.8758
OAS30625_ses-d.lh,8,0.5,4.66,2.1010,33,20,0.8750
OAS30625_ses-d.lh,8,1.0,4.66,2.0734,29,21,0.8730
OAS30625_ses-d.lh,16,1.5,4.66,1.9080,28,19,0.8761
OAS30625_ses-d.lh,26,2.0,4.66,1.9659,29,19,0.8773
OAS30625_ses-d.lh,40,3.0,4.66,1.9295,28,19,0.8762
OAS30625_ses-d.rh,4,0.5,4.66,2.1958,31,6,0.8965
OAS30625_ses-d.rh,8,0.5,4.66,2.1829,32,6,0.8940
OAS30625_ses-d.rh,8,1.0,4.66,2.1644,24,6,0.8958
OAS30625_ses-d.rh,16,1.5,4.66,2.0441,24,8,0.8981
OAS30625_ses-d.rh,26,2.0,4.66,2.0353,23,6,0.8978
OAS30625_ses-d.rh,40,3.0,4.66,2.0238,17,6,0.8976
