case,hemi,cell,weights,prior,dice,gap_z,gap_sulc,strays,moved
OAS30001_ses-d0129_run-01,lh,t0.5b1,gated,Gsulc,0.90197,0.1244,1.1759,13,0.00576
OAS30001_ses-d0129_run-01,lh,t0.5b1,gated,Guni,0.90269,0.1355,1.2907,0,0.00706
OAS30001_ses-d0129_run-01,lh,t0.5b1,flat,Gsulc,0.90245,0.1039,1.2099,0,0.00382
OAS30001_ses-d0129_run-01,lh,t0.5b1,flat,Guni,0.90262,0.1044,1.2103,0,0.00371
OAS30001_ses-d0129_run-01,lh,t0.25b4,gated,Gsulc,0.89747,0.227,1.6768,204,0.01047
OAS30001_ses-d0129_run-01,lh,t0.25b4,gated,Guni,0.90153,0.164,1.3158,0,0.01128
OAS30001_ses-d0129_run-01,lh,t0.25b4,flat,Gsulc,0.90247,0.1039,1.2105,0,0.00388
OAS30001_ses-d0129_run-01,lh,t0.25b4,flat,Guni,0.90262,0.1044,1.2103,0,0.00371
OAS30001_ses-d0129_run-01,lh,t2b8,gated,Gsulc,0.90233,0.1262,1.2045,1,0.00716
OAS30001_ses-d0129_run-01,lh,t2b8,gated,Guni,0.9021,0.1407,1.3085,0,0.00939
OAS30001_ses-d0129_run-01,lh,t2b8,flat,Gsulc,0.90249,0.1045,1.2099,0,0.00391
OAS30001_ses-d0129_run-01,lh,t2b8,flat,Guni,0.90266,0.1047,1.2099,0,0.00378
OAS30001_ses-d0129_run-01,lh,unary,-,-,0.90202,0.0969,1.1479,7,0.0
OAS30001_ses-d0129_run-01,rh,t0.5b1,gated,Gsulc,0.91712,0.1275,1.5432,6,0.00519
OAS30001_ses-d0129_run-01,rh,t0.5b1,gated,Guni,0.91773,0.1403,1.5478,1,0.00634
OAS30001_ses-d0129_run-01,rh,t0.5b1,flat,Gsulc,0.91722,0.1134,1.5299,1,0.00335
OAS30001_ses-d0129_run-01,rh,t0.5b1,flat,Guni,0.91768,0.1145,1.5321,1,0.0031
OAS30001_ses-d0129_run-01,rh,t0.25b4,gated,Gsulc,0.912,0.2531,1.993,245,0.01002
OAS30001_ses-d0129_run-01,rh,t0.25b4,gated,Guni,0.91713,0.1694,1.5409,1,0.0101
OAS30001_ses-d0129_run-01,rh,t0.25b4,flat,Gsulc,0.917,0.1133,1.536,1,0.00342
OAS30001_ses-d0129_run-01,rh,t0.25b4,flat,Guni,0.91769,0.1141,1.5382,1,0.00311
OAS30001_ses-d0129_run-01,rh,t2b8,gated,Gsulc,0.91768,0.1269,1.5431,1,0.00632
OAS30001_ses-d0129_run-01,rh,t2b8,gated,Guni,0.91756,0.1415,1.5304,1,0.00839
OAS30001_ses-d0129_run-01,rh,t2b8,flat,Gsulc,0.9171,0.1139,1.5299,1,0.0034
OAS30001_ses-d0129_run-01,rh,t2b8,flat,Guni,0.91772,0.1145,1.5321,1,0.00312
OAS30001_ses-d0129_run-01,rh,unary,-,-,0.91682,0.1051,1.4724,3,0.0
OAS30063_ses-d0160_run-01,lh,t0.5b1,gated,Gsulc,0.83403,0.0971,1.276,8,0.00612
OAS30063_ses-d0160_run-01,lh,t0.5b1,gated,Guni,0.83435,0.1169,1.3216,5,0.00802
OAS30063_ses-d0160_run-01,lh,t0.5b1,flat,Gsulc,0.83403,0.0884,1.2182,6,0.00491
OAS30063_ses-d0160_run-01,lh,t0.5b1,flat,Guni,0.83403,0.0896,1.2417,7,0.00469
OAS30063_ses-d0160_run-01,lh,t0.25b4,gated,Gsulc,0.82993,0.217,1.5672,210,0.01157
OAS30063_ses-d0160_run-01,lh,t0.25b4,gated,Guni,0.83449,0.1437,1.3701,5,0.01161
OAS30063_ses-d0160_run-01,lh,t0.25b4,flat,Gsulc,0.83421,0.0873,1.2986,4,0.00518
OAS30063_ses-d0160_run-01,lh,t0.25b4,flat,Guni,0.83405,0.0882,1.2971,6,0.00479
OAS30063_ses-d0160_run-01,lh,t2b8,gated,Gsulc,0.83398,0.0997,1.3754,4,0.00816
OAS30063_ses-d0160_run-01,lh,t2b8,gated,Guni,0.83419,0.1136,1.3898,4,0.01033
OAS30063_ses-d0160_run-01,lh,t2b8,flat,Gsulc,0.8344,0.0759,1.3196,4,0.00576
OAS30063_ses-d0160_run-01,lh,t2b8,flat,Guni,0.83431,0.0777,1.3196,6,0.00542
OAS30063_ses-d0160_run-01,lh,unary,-,-,0.83301,0.0758,1.1382,16,0.0
OAS30063_ses-d0160_run-01,rh,t0.5b1,gated,Gsulc,0.83035,0.1191,1.0937,17,0.00709
OAS30063_ses-d0160_run-01,rh,t0.5b1,gated,Guni,0.83004,0.1293,1.1174,11,0.00895
OAS30063_ses-d0160_run-01,rh,t0.5b1,flat,Gsulc,0.82946,0.1006,1.0189,11,0.00548
OAS30063_ses-d0160_run-01,rh,t0.5b1,flat,Guni,0.82938,0.1023,1.0313,11,0.00522
OAS30063_ses-d0160_run-01,rh,t0.25b4,gated,Gsulc,0.82456,0.2511,1.5432,231,0.01322
OAS30063_ses-d0160_run-01,rh,t0.25b4,gated,Guni,0.82999,0.173,1.1803,11,0.01326
OAS30063_ses-d0160_run-01,rh,t0.25b4,flat,Gsulc,0.82948,0.1014,1.0508,9,0.00569
OAS30063_ses-d0160_run-01,rh,t0.25b4,flat,Guni,0.82938,0.0999,1.0329,9,0.00529
OAS30063_ses-d0160_run-01,rh,t2b8,gated,Gsulc,0.8309,0.1151,1.1812,8,0.00876
OAS30063_ses-d0160_run-01,rh,t2b8,gated,Guni,0.83047,0.1289,1.2562,8,0.0119
OAS30063_ses-d0160_run-01,rh,t2b8,flat,Gsulc,0.82965,0.0976,1.1423,8,0.00643
OAS30063_ses-d0160_run-01,rh,t2b8,flat,Guni,0.82958,0.0989,1.1555,8,0.0061
OAS30063_ses-d0160_run-01,rh,unary,-,-,0.82873,0.0887,0.9176,27,0.0
OAS30100_ses-d0158,lh,t0.5b1,gated,Gsulc,0.85612,0.1114,1.2625,11,0.00515
OAS30100_ses-d0158,lh,t0.5b1,gated,Guni,0.85601,0.1238,1.2202,5,0.00679
OAS30100_ses-d0158,lh,t0.5b1,flat,Gsulc,0.85568,0.1019,1.2627,5,0.00397
OAS30100_ses-d0158,lh,t0.5b1,flat,Guni,0.85561,0.1001,1.2037,5,0.00368
OAS30100_ses-d0158,lh,t0.25b4,gated,Gsulc,0.85145,0.2229,1.5197,218,0.00996
OAS30100_ses-d0158,lh,t0.25b4,gated,Guni,0.85714,0.145,1.2688,5,0.00988
OAS30100_ses-d0158,lh,t0.25b4,flat,Gsulc,0.85579,0.1018,1.2201,6,0.00413
OAS30100_ses-d0158,lh,t0.25b4,flat,Guni,0.85561,0.1001,1.2037,5,0.00368
OAS30100_ses-d0158,lh,t2b8,gated,Gsulc,0.85705,0.1136,1.2195,6,0.00675
OAS30100_ses-d0158,lh,t2b8,gated,Guni,0.85665,0.1235,1.2647,4,0.00858
OAS30100_ses-d0158,lh,t2b8,flat,Gsulc,0.85587,0.1009,1.2625,6,0.00417
OAS30100_ses-d0158,lh,t2b8,flat,Guni,0.85557,0.0995,1.2274,5,0.00374
OAS30100_ses-d0158,lh,unary,-,-,0.85497,0.0914,1.0127,15,0.0
OAS30100_ses-d0158,rh,t0.5b1,gated,Gsulc,0.89503,0.0784,1.5141,14,0.00566
OAS30100_ses-d0158,rh,t0.5b1,gated,Guni,0.89484,0.0838,1.5021,5,0.00678
OAS30100_ses-d0158,rh,t0.5b1,flat,Gsulc,0.89587,0.0665,1.4954,5,0.00428
OAS30100_ses-d0158,rh,t0.5b1,flat,Guni,0.89585,0.0672,1.5021,5,0.00419
OAS30100_ses-d0158,rh,t0.25b4,gated,Gsulc,0.88999,0.2081,1.8887,195,0.01077
OAS30100_ses-d0158,rh,t0.25b4,gated,Guni,0.89434,0.1146,1.4952,7,0.00981
OAS30100_ses-d0158,rh,t0.25b4,flat,Gsulc,0.89594,0.0653,1.4668,7,0.00455
OAS30100_ses-d0158,rh,t0.25b4,flat,Guni,0.89586,0.0662,1.4943,5,0.00417
OAS30100_ses-d0158,rh,t2b8,gated,Gsulc,0.89515,0.0783,1.4243,5,0.00713
OAS30100_ses-d0158,rh,t2b8,gated,Guni,0.8942,0.0905,1.4398,5,0.01075
OAS30100_ses-d0158,rh,t2b8,flat,Gsulc,0.89597,0.0653,1.3963,6,0.00473
OAS30100_ses-d0158,rh,t2b8,flat,Guni,0.89595,0.0655,1.4047,5,0.00454
OAS30100_ses-d0158,rh,unary,-,-,0.89548,0.0582,1.4307,10,0.0
OAS30135_ses-d0190,lh,t0.5b1,gated,Gsulc,0.89198,0.1138,1.4743,4,0.00464
OAS30135_ses-d0190,lh,t0.5b1,gated,Guni,0.89158,0.1249,1.4699,0,0.00624
OAS30135_ses-d0190,lh,t0.5b1,flat,Gsulc,0.89207,0.099,1.371,0,0.00332
OAS30135_ses-d0190,lh,t0.5b1,flat,Guni,0.89209,0.0991,1.366,0,0.00324
OAS30135_ses-d0190,lh,t0.25b4,gated,Gsulc,0.88701,0.2226,2.054,187,0.0099
OAS30135_ses-d0190,lh,t0.25b4,gated,Guni,0.89096,0.1473,1.5089,0,0.00949
OAS30135_ses-d0190,lh,t0.25b4,flat,Gsulc,0.89189,0.0996,1.3777,0,0.0036
OAS30135_ses-d0190,lh,t0.25b4,flat,Guni,0.89209,0.0991,1.366,0,0.00324
OAS30135_ses-d0190,lh,t2b8,gated,Gsulc,0.89159,0.1162,1.4492,0,0.00632
OAS30135_ses-d0190,lh,t2b8,gated,Guni,0.89099,0.1248,1.4561,0,0.00835
OAS30135_ses-d0190,lh,t2b8,flat,Gsulc,0.89191,0.0997,1.384,0,0.00351
OAS30135_ses-d0190,lh,t2b8,flat,Guni,0.89207,0.0995,1.3724,0,0.00325
OAS30135_ses-d0190,lh,unary,-,-,0.89145,0.0948,1.2353,4,0.0
OAS30135_ses-d0190,rh,t0.5b1,gated,Gsulc,0.89558,0.0945,1.208,17,0.00593
OAS30135_ses-d0190,rh,t0.5b1,gated,Guni,0.89438,0.1071,1.2041,9,0.00724
OAS30135_ses-d0190,rh,t0.5b1,flat,Gsulc,0.8961,0.0831,1.1535,8,0.00455
OAS30135_ses-d0190,rh,t0.5b1,flat,Guni,0.896,0.0831,1.1384,8,0.00432
OAS30135_ses-d0190,rh,t0.25b4,gated,Gsulc,0.88962,0.2067,1.9462,216,0.01114
OAS30135_ses-d0190,rh,t0.25b4,gated,Guni,0.89537,0.13,1.2248,7,0.0109
OAS30135_ses-d0190,rh,t0.25b4,flat,Gsulc,0.896,0.0831,1.1364,7,0.00469
OAS30135_ses-d0190,rh,t0.25b4,flat,Guni,0.896,0.0831,1.1384,7,0.00432
OAS30135_ses-d0190,rh,t2b8,gated,Gsulc,0.89497,0.094,1.2406,7,0.00698
OAS30135_ses-d0190,rh,t2b8,gated,Guni,0.89419,0.1074,1.2497,7,0.009
OAS30135_ses-d0190,rh,t2b8,flat,Gsulc,0.89608,0.0833,1.1374,7,0.00467
OAS30135_ses-d0190,rh,t2b8,flat,Guni,0.896,0.0831,1.1384,7,0.00432
OAS30135_ses-d0190,rh,unary,-,-,0.89494,0.0758,0.9556,19,0.0
OAS30174_ses-d0582_run-01,lh,t0.5b1,gated,Gsulc,0.90462,0.1086,1.5168,8,0.00443
OAS30174_ses-d0582_run-01,lh,t0.5b1,gated,Guni,0.90495,0.1196,1.5515,2,0.00625
OAS30174_ses-d0582_run-01,lh,t0.5b1,flat,Gsulc,0.90482,0.0936,1.4828,2,0.00329
OAS30174_ses-d0582_run-01,lh,t0.5b1,flat,Guni,0.90471,0.094,1.482,2,0.00315
OAS30174_ses-d0582_run-01,lh,t0.25b4,gated,Gsulc,0.90113,0.2157,2.0944,259,0.00906
OAS30174_ses-d0582_run-01,lh,t0.25b4,gated,Guni,0.90402,0.1353,1.6179,1,0.00885
OAS30174_ses-d0582_run-01,lh,t0.25b4,flat,Gsulc,0.90476,0.0937,1.484,2,0.00335
OAS30174_ses-d0582_run-01,lh,t0.25b4,flat,Guni,0.90471,0.094,1.482,1,0.00315
OAS30174_ses-d0582_run-01,lh,t2b8,gated,Gsulc,0.90461,0.1103,1.547,1,0.00557
OAS30174_ses-d0582_run-01,lh,t2b8,gated,Guni,0.90482,0.12,1.5987,1,0.00764
OAS30174_ses-d0582_run-01,lh,t2b8,flat,Gsulc,0.90479,0.0936,1.4882,1,0.00338
OAS30174_ses-d0582_run-01,lh,t2b8,flat,Guni,0.90474,0.0938,1.485,1,0.00317
OAS30174_ses-d0582_run-01,lh,unary,-,-,0.90432,0.0902,1.3828,10,0.0
OAS30174_ses-d0582_run-01,rh,t0.5b1,gated,Gsulc,0.90718,0.0944,1.7756,7,0.00403
OAS30174_ses-d0582_run-01,rh,t0.5b1,gated,Guni,0.90678,0.1083,1.8199,4,0.00527
OAS30174_ses-d0582_run-01,rh,t0.5b1,flat,Gsulc,0.90723,0.0839,1.7525,3,0.00299
OAS30174_ses-d0582_run-01,rh,t0.5b1,flat,Guni,0.90724,0.0843,1.783,3,0.00281
OAS30174_ses-d0582_run-01,rh,t0.25b4,gated,Gsulc,0.90315,0.2007,2.3206,250,0.00874
OAS30174_ses-d0582_run-01,rh,t0.25b4,gated,Guni,0.9059,0.1298,1.8367,4,0.00838
OAS30174_ses-d0582_run-01,rh,t0.25b4,flat,Gsulc,0.90712,0.0831,1.7371,2,0.00313
OAS30174_ses-d0582_run-01,rh,t0.25b4,flat,Guni,0.90724,0.0843,1.783,2,0.00281
OAS30174_ses-d0582_run-01,rh,t2b8,gated,Gsulc,0.90674,0.0941,1.7727,3,0.00515
OAS30174_ses-d0582_run-01,rh,t2b8,gated,Guni,0.9059,0.1088,1.8089,3,0.00685
OAS30174_ses-d0582_run-01,rh,t2b8,flat,Gsulc,0.90717,0.0817,1.7186,2,0.00317
OAS30174_ses-d0582_run-01,rh,t2b8,flat,Guni,0.90729,0.0821,1.7234,2,0.00293
OAS30174_ses-d0582_run-01,rh,unary,-,-,0.90656,0.0757,1.6645,8,0.0
OAS30212_ses-d0091_run-01,lh,t0.5b1,gated,Gsulc,0.8935,0.1285,1.6068,12,0.00603
OAS30212_ses-d0091_run-01,lh,t0.5b1,gated,Guni,0.89313,0.1397,1.6576,6,0.00746
OAS30212_ses-d0091_run-01,lh,t0.5b1,flat,Gsulc,0.89397,0.121,1.5985,6,0.00447
OAS30212_ses-d0091_run-01,lh,t0.5b1,flat,Guni,0.89386,0.1195,1.5769,7,0.00424
OAS30212_ses-d0091_run-01,lh,t0.25b4,gated,Gsulc,0.88823,0.2476,2.1031,239,0.01188
OAS30212_ses-d0091_run-01,lh,t0.25b4,gated,Guni,0.89139,0.1714,1.6261,6,0.0112
OAS30212_ses-d0091_run-01,lh,t0.25b4,flat,Gsulc,0.894,0.1199,1.6037,6,0.00451
OAS30212_ses-d0091_run-01,lh,t0.25b4,flat,Guni,0.89387,0.1193,1.5788,7,0.00426
OAS30212_ses-d0091_run-01,lh,t2b8,gated,Gsulc,0.89327,0.1314,1.616,6,0.00755
OAS30212_ses-d0091_run-01,lh,t2b8,gated,Guni,0.89264,0.1427,1.6331,6,0.00968
OAS30212_ses-d0091_run-01,lh,t2b8,flat,Gsulc,0.89401,0.1214,1.5841,6,0.00453
OAS30212_ses-d0091_run-01,lh,t2b8,flat,Guni,0.89389,0.1197,1.5747,7,0.00429
OAS30212_ses-d0091_run-01,lh,unary,-,-,0.89312,0.1038,1.369,29,0.0
OAS30212_ses-d0091_run-01,rh,t0.5b1,gated,Gsulc,0.89224,0.1096,1.9465,19,0.00506
OAS30212_ses-d0091_run-01,rh,t0.5b1,gated,Guni,0.89241,0.1167,1.9854,7,0.00669
OAS30212_ses-d0091_run-01,rh,t0.5b1,flat,Gsulc,0.89148,0.097,1.9221,7,0.00376
OAS30212_ses-d0091_run-01,rh,t0.5b1,flat,Guni,0.89154,0.0976,1.927,7,0.00362
OAS30212_ses-d0091_run-01,rh,t0.25b4,gated,Gsulc,0.88702,0.2217,2.6155,285,0.01041
OAS30212_ses-d0091_run-01,rh,t0.25b4,gated,Guni,0.89182,0.1312,1.9932,6,0.00962
OAS30212_ses-d0091_run-01,rh,t0.25b4,flat,Gsulc,0.89147,0.0976,1.8966,5,0.00384
OAS30212_ses-d0091_run-01,rh,t0.25b4,flat,Guni,0.89152,0.0978,1.9082,5,0.00366
OAS30212_ses-d0091_run-01,rh,t2b8,gated,Gsulc,0.89231,0.112,1.887,4,0.0066
OAS30212_ses-d0091_run-01,rh,t2b8,gated,Guni,0.89218,0.1175,1.923,4,0.00882
OAS30212_ses-d0091_run-01,rh,t2b8,flat,Gsulc,0.89146,0.0976,1.8139,4,0.00409
OAS30212_ses-d0091_run-01,rh,t2b8,flat,Guni,0.89151,0.0978,1.8192,4,0.00391
OAS30212_ses-d0091_run-01,rh,unary,-,-,0.89106,0.0889,1.7447,20,0.0
OAS30246_ses-d0119_run-01,lh,t0.5b1,gated,Gsulc,0.90203,0.08,1.4971,17,0.00463
OAS30246_ses-d0119_run-01,lh,t0.5b1,gated,Guni,0.90224,0.0923,1.5045,2,0.00626
OAS30246_ses-d0119_run-01,lh,t0.5b1,flat,Gsulc,0.90205,0.0701,1.4455,3,0.00378
OAS30246_ses-d0119_run-01,lh,t0.5b1,flat,Guni,0.90212,0.0708,1.4658,2,0.00354
OAS30246_ses-d0119_run-01,lh,t0.25b4,gated,Gsulc,0.89765,0.2016,2.2971,259,0.00969
OAS30246_ses-d0119_run-01,lh,t0.25b4,gated,Guni,0.90268,0.1076,1.5625,2,0.00897
OAS30246_ses-d0119_run-01,lh,t0.25b4,flat,Gsulc,0.90208,0.0702,1.4315,3,0.00387
OAS30246_ses-d0119_run-01,lh,t0.25b4,flat,Guni,0.90214,0.071,1.4456,2,0.00357
OAS30246_ses-d0119_run-01,lh,t2b8,gated,Gsulc,0.90205,0.0782,1.4454,2,0.00573
OAS30246_ses-d0119_run-01,lh,t2b8,gated,Guni,0.90192,0.0956,1.483,2,0.00762
OAS30246_ses-d0119_run-01,lh,t2b8,flat,Gsulc,0.90221,0.069,1.3665,3,0.00401
OAS30246_ses-d0119_run-01,lh,t2b8,flat,Guni,0.90226,0.0697,1.3851,2,0.00373
OAS30246_ses-d0119_run-01,lh,unary,-,-,0.90129,0.0608,1.3326,10,0.0
OAS30246_ses-d0119_run-01,rh,t0.5b1,gated,Gsulc,0.88438,0.102,2.0791,9,0.00474
OAS30246_ses-d0119_run-01,rh,t0.5b1,gated,Guni,0.88378,0.1099,2.1166,4,0.00624
OAS30246_ses-d0119_run-01,rh,t0.5b1,flat,Gsulc,0.88451,0.092,2.0736,4,0.00356
OAS30246_ses-d0119_run-01,rh,t0.5b1,flat,Guni,0.88446,0.0919,2.0829,4,0.00339
OAS30246_ses-d0119_run-01,rh,t0.25b4,gated,Gsulc,0.87866,0.2086,2.6694,250,0.00945
OAS30246_ses-d0119_run-01,rh,t0.25b4,gated,Guni,0.88261,0.1316,2.1307,4,0.00882
OAS30246_ses-d0119_run-01,rh,t0.25b4,flat,Gsulc,0.88466,0.0921,2.0737,4,0.00372
OAS30246_ses-d0119_run-01,rh,t0.25b4,flat,Guni,0.88446,0.0919,2.0829,4,0.00339
OAS30246_ses-d0119_run-01,rh,t2b8,gated,Gsulc,0.88394,0.1032,2.0845,4,0.00607
OAS30246_ses-d0119_run-01,rh,t2b8,gated,Guni,0.88349,0.1105,2.1268,4,0.00785
OAS30246_ses-d0119_run-01,rh,t2b8,flat,Gsulc,0.88469,0.0915,2.0645,4,0.00378
OAS30246_ses-d0119_run-01,rh,t2b8,flat,Guni,0.8845,0.0903,2.0669,4,0.00345
OAS30246_ses-d0119_run-01,rh,unary,-,-,0.88452,0.0876,1.9233,9,0.0
OAS30283_ses-d0064_run-01,lh,t0.5b1,gated,Gsulc,0.89835,0.1343,1.6804,4,0.00468
OAS30283_ses-d0064_run-01,lh,t0.5b1,gated,Guni,0.8979,0.1392,1.7191,1,0.00615
OAS30283_ses-d0064_run-01,lh,t0.5b1,flat,Gsulc,0.8986,0.1156,1.6763,1,0.00332
OAS30283_ses-d0064_run-01,lh,t0.5b1,flat,Guni,0.89866,0.1157,1.6712,1,0.00312
OAS30283_ses-d0064_run-01,lh,t0.25b4,gated,Gsulc,0.89411,0.2395,2.2634,229,0.00983
OAS30283_ses-d0064_run-01,lh,t0.25b4,gated,Guni,0.89729,0.1642,1.78,1,0.00977
OAS30283_ses-d0064_run-01,lh,t0.25b4,flat,Gsulc,0.89888,0.1155,1.6784,1,0.0035
OAS30283_ses-d0064_run-01,lh,t0.25b4,flat,Guni,0.89866,0.1156,1.6786,1,0.00313
OAS30283_ses-d0064_run-01,lh,t2b8,gated,Gsulc,0.89813,0.1365,1.7002,1,0.00616
OAS30283_ses-d0064_run-01,lh,t2b8,gated,Guni,0.89763,0.1418,1.7207,1,0.00813
OAS30283_ses-d0064_run-01,lh,t2b8,flat,Gsulc,0.8986,0.1156,1.6763,1,0.0035
OAS30283_ses-d0064_run-01,lh,t2b8,flat,Guni,0.89865,0.1158,1.6797,1,0.00319
OAS30283_ses-d0064_run-01,lh,unary,-,-,0.89899,0.1059,1.5713,4,0.0
OAS30283_ses-d0064_run-01,rh,t0.5b1,gated,Gsulc,0.89632,0.0885,1.7352,10,0.00474
OAS30283_ses-d0064_run-01,rh,t0.5b1,gated,Guni,0.89618,0.1085,1.7149,2,0.00646
OAS30283_ses-d0064_run-01,rh,t0.5b1,flat,Gsulc,0.89702,0.0766,1.691,2,0.00344
OAS30283_ses-d0064_run-01,rh,t0.5b1,flat,Guni,0.89693,0.0773,1.6912,2,0.00325
OAS30283_ses-d0064_run-01,rh,t0.25b4,gated,Gsulc,0.89287,0.2034,2.3013,238,0.00952
OAS30283_ses-d0064_run-01,rh,t0.25b4,gated,Guni,0.89547,0.1337,1.7473,2,0.00986
OAS30283_ses-d0064_run-01,rh,t0.25b4,flat,Gsulc,0.89704,0.0742,1.6855,2,0.00357
OAS30283_ses-d0064_run-01,rh,t0.25b4,flat,Guni,0.89695,0.0774,1.6931,2,0.00329
OAS30283_ses-d0064_run-01,rh,t2b8,gated,Gsulc,0.89663,0.0861,1.6877,2,0.00586
OAS30283_ses-d0064_run-01,rh,t2b8,gated,Guni,0.89621,0.1016,1.6931,2,0.00818
OAS30283_ses-d0064_run-01,rh,t2b8,flat,Gsulc,0.89706,0.0741,1.6713,2,0.0036
OAS30283_ses-d0064_run-01,rh,t2b8,flat,Guni,0.89699,0.0766,1.6761,2,0.00334
OAS30283_ses-d0064_run-01,rh,unary,-,-,0.89697,0.0729,1.6106,4,0.0
OAS30318_ses-d2975,lh,t0.5b1,gated,Gsulc,0.87499,0.1021,1.792,16,0.00571
OAS30318_ses-d2975,lh,t0.5b1,gated,Guni,0.87471,0.1154,1.8324,8,0.00744
OAS30318_ses-d2975,lh,t0.5b1,flat,Gsulc,0.87589,0.0905,1.7777,8,0.00435
OAS30318_ses-d2975,lh,t0.5b1,flat,Guni,0.87571,0.0907,1.7768,8,0.00412
OAS30318_ses-d2975,lh,t0.25b4,gated,Gsulc,0.87034,0.2428,2.4096,308,0.01153
OAS30318_ses-d2975,lh,t0.25b4,gated,Guni,0.87402,0.1356,1.778,8,0.01027
OAS30318_ses-d2975,lh,t0.25b4,flat,Gsulc,0.87577,0.0894,1.7768,9,0.00454
OAS30318_ses-d2975,lh,t0.25b4,flat,Guni,0.87572,0.0904,1.7641,8,0.00415
OAS30318_ses-d2975,lh,t2b8,gated,Gsulc,0.87482,0.1022,1.7637,7,0.0074
OAS30318_ses-d2975,lh,t2b8,gated,Guni,0.87393,0.1077,1.7572,7,0.00934
OAS30318_ses-d2975,lh,t2b8,flat,Gsulc,0.87591,0.087,1.7293,7,0.00469
OAS30318_ses-d2975,lh,t2b8,flat,Guni,0.8758,0.0873,1.7179,7,0.00438
OAS30318_ses-d2975,lh,unary,-,-,0.87548,0.0782,1.5661,23,0.0
OAS30318_ses-d2975,rh,t0.5b1,gated,Gsulc,0.88368,0.1201,1.6812,18,0.00571
OAS30318_ses-d2975,rh,t0.5b1,gated,Guni,0.88345,0.1273,1.6815,4,0.00739
OAS30318_ses-d2975,rh,t0.5b1,flat,Gsulc,0.88414,0.1088,1.6204,3,0.00422
OAS30318_ses-d2975,rh,t0.5b1,flat,Guni,0.88412,0.1098,1.641,3,0.00408
OAS30318_ses-d2975,rh,t0.25b4,gated,Gsulc,0.87799,0.2341,2.1912,261,0.01068
OAS30318_ses-d2975,rh,t0.25b4,gated,Guni,0.88184,0.1588,1.6712,4,0.01099
OAS30318_ses-d2975,rh,t0.25b4,flat,Gsulc,0.88418,0.1088,1.5936,5,0.00443
OAS30318_ses-d2975,rh,t0.25b4,flat,Guni,0.88414,0.11,1.6149,3,0.0041
OAS30318_ses-d2975,rh,t2b8,gated,Gsulc,0.88366,0.1223,1.6201,3,0.00725
OAS30318_ses-d2975,rh,t2b8,gated,Guni,0.88303,0.128,1.6106,3,0.00923
OAS30318_ses-d2975,rh,t2b8,flat,Gsulc,0.88426,0.1088,1.5687,2,0.0046
OAS30318_ses-d2975,rh,t2b8,flat,Guni,0.88421,0.11,1.5782,2,0.00435
OAS30318_ses-d2975,rh,unary,-,-,0.88415,0.0904,1.3917,16,0.0
OAS30355_ses-d0048,lh,t0.5b1,gated,Gsulc,0.90211,0.1168,1.9265,8,0.00468
OAS30355_ses-d0048,lh,t0.5b1,gated,Guni,0.90185,0.1309,1.9832,2,0.00608
OAS30355_ses-d0048,lh,t0.5b1,flat,Gsulc,0.90249,0.1079,1.9228,2,0.00314
OAS30355_ses-d0048,lh,t0.5b1,flat,Guni,0.9025,0.1077,1.9209,2,0.00309
OAS30355_ses-d0048,lh,t0.25b4,gated,Gsulc,0.89879,0.2431,2.6454,250,0.00926
OAS30355_ses-d0048,lh,t0.25b4,gated,Guni,0.90122,0.1645,2.0516,2,0.00911
OAS30355_ses-d0048,lh,t0.25b4,flat,Gsulc,0.90251,0.1077,1.922,1,0.00323
OAS30355_ses-d0048,lh,t0.25b4,flat,Guni,0.90249,0.1072,1.9228,1,0.0031
OAS30355_ses-d0048,lh,t2b8,gated,Gsulc,0.90223,0.1204,1.9272,1,0.00603
OAS30355_ses-d0048,lh,t2b8,gated,Guni,0.90091,0.1369,2.0246,1,0.00805
OAS30355_ses-d0048,lh,t2b8,flat,Gsulc,0.90252,0.107,1.9048,1,0.00327
OAS30355_ses-d0048,lh,t2b8,flat,Guni,0.90253,0.1068,1.9048,1,0.00316
OAS30355_ses-d0048,lh,unary,-,-,0.90198,0.0993,1.7979,7,0.0
OAS30355_ses-d0048,rh,t0.5b1,gated,Gsulc,0.89902,0.0933,1.8388,9,0.00436
OAS30355_ses-d0048,rh,t0.5b1,gated,Guni,0.89895,0.1019,1.8361,2,0.00604
OAS30355_ses-d0048,rh,t0.5b1,flat,Gsulc,0.89889,0.0848,1.8216,2,0.00324
OAS30355_ses-d0048,rh,t0.5b1,flat,Guni,0.89879,0.0849,1.8216,2,0.00313
OAS30355_ses-d0048,rh,t0.25b4,gated,Gsulc,0.89585,0.2086,2.3813,248,0.00902
OAS30355_ses-d0048,rh,t0.25b4,gated,Guni,0.89891,0.1245,1.8973,2,0.00913
OAS30355_ses-d0048,rh,t0.25b4,flat,Gsulc,0.89888,0.0834,1.8085,1,0.00339
OAS30355_ses-d0048,rh,t0.25b4,flat,Guni,0.89879,0.085,1.8283,2,0.00314
OAS30355_ses-d0048,rh,t2b8,gated,Gsulc,0.89891,0.0915,1.8481,0,0.00582
OAS30355_ses-d0048,rh,t2b8,gated,Guni,0.89905,0.1038,1.8514,1,0.00791
OAS30355_ses-d0048,rh,t2b8,flat,Gsulc,0.89894,0.085,1.7833,1,0.00343
OAS30355_ses-d0048,rh,t2b8,flat,Guni,0.89884,0.0854,1.7975,2,0.00323
OAS30355_ses-d0048,rh,unary,-,-,0.89827,0.0772,1.6271,17,0.0
OAS30393_ses-d7726_run-01,lh,t0.5b1,gated,Gsulc,0.9034,0.1494,1.4259,7,0.00523
OAS30393_ses-d7726_run-01,lh,t0.5b1,gated,Guni,0.90373,0.1635,1.3694,3,0.00665
OAS30393_ses-d7726_run-01,lh,t0.5b1,flat,Gsulc,0.90365,0.1347,1.3863,4,0.00329
OAS30393_ses-d7726_run-01,lh,t0.5b1,flat,Guni,0.90358,0.1347,1.3956,4,0.00317
OAS30393_ses-d7726_run-01,lh,t0.25b4,gated,Gsulc,0.90005,0.2397,1.9882,221,0.01025
OAS30393_ses-d7726_run-01,lh,t0.25b4,gated,Guni,0.90324,0.1914,1.4429,2,0.0103
OAS30393_ses-d7726_run-01,lh,t0.25b4,flat,Gsulc,0.90363,0.1331,1.3799,5,0.00339
OAS30393_ses-d7726_run-01,lh,t0.25b4,flat,Guni,0.90359,0.1339,1.3856,4,0.00318
OAS30393_ses-d7726_run-01,lh,t2b8,gated,Gsulc,0.90349,0.1512,1.3743,3,0.00697
OAS30393_ses-d7726_run-01,lh,t2b8,gated,Guni,0.90335,0.1604,1.3934,2,0.00926
OAS30393_ses-d7726_run-01,lh,t2b8,flat,Gsulc,0.90366,0.1321,1.3603,4,0.00349
OAS30393_ses-d7726_run-01,lh,t2b8,flat,Guni,0.90363,0.1329,1.3705,4,0.00329
OAS30393_ses-d7726_run-01,lh,unary,-,-,0.90266,0.1247,1.3347,10,0.0
OAS30393_ses-d7726_run-01,rh,t0.5b1,gated,Gsulc,0.905,0.0984,1.3,10,0.00416
OAS30393_ses-d7726_run-01,rh,t0.5b1,gated,Guni,0.90552,0.106,1.2846,6,0.00566
OAS30393_ses-d7726_run-01,rh,t0.5b1,flat,Gsulc,0.90519,0.083,1.219,6,0.00322
OAS30393_ses-d7726_run-01,rh,t0.5b1,flat,Guni,0.90517,0.0852,1.2244,6,0.003
OAS30393_ses-d7726_run-01,rh,t0.25b4,gated,Gsulc,0.90003,0.2053,1.7795,197,0.00942
OAS30393_ses-d7726_run-01,rh,t0.25b4,gated,Guni,0.90418,0.1221,1.3085,6,0.00884
OAS30393_ses-d7726_run-01,rh,t0.25b4,flat,Gsulc,0.90516,0.0813,1.2187,6,0.0034
OAS30393_ses-d7726_run-01,rh,t0.25b4,flat,Guni,0.9052,0.083,1.2218,6,0.00302
OAS30393_ses-d7726_run-01,rh,t2b8,gated,Gsulc,0.9052,0.094,1.3065,3,0.0057
OAS30393_ses-d7726_run-01,rh,t2b8,gated,Guni,0.90517,0.1051,1.3464,4,0.0075
OAS30393_ses-d7726_run-01,rh,t2b8,flat,Gsulc,0.90519,0.0804,1.1986,4,0.00341
OAS30393_ses-d7726_run-01,rh,t2b8,flat,Guni,0.9052,0.0827,1.2061,4,0.00309
OAS30393_ses-d7726_run-01,rh,unary,-,-,0.90528,0.0757,1.0621,8,0.0
OAS30432_ses-d0100,lh,t0.5b1,gated,Gsulc,0.90554,0.1148,1.0607,9,0.00481
OAS30432_ses-d0100,lh,t0.5b1,gated,Guni,0.90604,0.13,1.06,6,0.00651
OAS30432_ses-d0100,lh,t0.5b1,flat,Gsulc,0.90535,0.1053,1.0353,5,0.00373
OAS30432_ses-d0100,lh,t0.5b1,flat,Guni,0.90536,0.1041,1.051,6,0.0035
OAS30432_ses-d0100,lh,t0.25b4,gated,Gsulc,0.90193,0.2261,1.4843,224,0.00971
OAS30432_ses-d0100,lh,t0.25b4,gated,Guni,0.9051,0.1579,1.0799,5,0.01029
OAS30432_ses-d0100,lh,t0.25b4,flat,Gsulc,0.90542,0.1058,1.03,5,0.00389
OAS30432_ses-d0100,lh,t0.25b4,flat,Guni,0.90536,0.1041,1.051,6,0.0035
OAS30432_ses-d0100,lh,t2b8,gated,Gsulc,0.90585,0.1172,1.0567,5,0.00662
OAS30432_ses-d0100,lh,t2b8,gated,Guni,0.906,0.131,1.0568,5,0.00844
OAS30432_ses-d0100,lh,t2b8,flat,Gsulc,0.90554,0.1053,1.0345,5,0.00407
OAS30432_ses-d0100,lh,t2b8,flat,Guni,0.90556,0.1055,1.0376,5,0.00381
OAS30432_ses-d0100,lh,unary,-,-,0.90494,0.0943,0.9187,9,0.0
OAS30432_ses-d0100,rh,t0.5b1,gated,Gsulc,0.89858,0.1122,1.8187,6,0.00477
OAS30432_ses-d0100,rh,t0.5b1,gated,Guni,0.89914,0.1286,1.8229,4,0.00668
OAS30432_ses-d0100,rh,t0.5b1,flat,Gsulc,0.89908,0.0987,1.7704,4,0.00358
OAS30432_ses-d0100,rh,t0.5b1,flat,Guni,0.89915,0.0992,1.777,4,0.00335
OAS30432_ses-d0100,rh,t0.25b4,gated,Gsulc,0.89341,0.2277,2.4992,280,0.0104
OAS30432_ses-d0100,rh,t0.25b4,gated,Guni,0.89871,0.1506,1.9009,4,0.00974
OAS30432_ses-d0100,rh,t0.25b4,flat,Gsulc,0.89904,0.0981,1.7662,5,0.00369
OAS30432_ses-d0100,rh,t0.25b4,flat,Guni,0.89915,0.0992,1.777,4,0.00335
OAS30432_ses-d0100,rh,t2b8,gated,Gsulc,0.89938,0.1131,1.7704,4,0.00624
OAS30432_ses-d0100,rh,t2b8,gated,Guni,0.8991,0.1283,1.8493,4,0.00868
OAS30432_ses-d0100,rh,t2b8,flat,Gsulc,0.89903,0.0952,1.7228,4,0.00377
OAS30432_ses-d0100,rh,t2b8,flat,Guni,0.89915,0.0958,1.7371,4,0.00345
OAS30432_ses-d0100,rh,unary,-,-,0.89906,0.0953,1.6731,9,0.0
OAS30474_ses-d0069_run-01,lh,t0.5b1,gated,Gsulc,0.90417,0.1346,1.8845,11,0.00433
OAS30474_ses-d0069_run-01,lh,t0.5b1,gated,Guni,0.90415,0.1487,1.8777,4,0.00564
OAS30474_ses-d0069_run-01,lh,t0.5b1,flat,Gsulc,0.90419,0.1248,1.851,4,0.00316
OAS30474_ses-d0069_run-01,lh,t0.5b1,flat,Guni,0.90412,0.1248,1.8576,4,0.00294
OAS30474_ses-d0069_run-01,lh,t0.25b4,gated,Gsulc,0.89992,0.2602,2.4524,230,0.00955
OAS30474_ses-d0069_run-01,lh,t0.25b4,gated,Guni,0.90357,0.1801,1.8932,4,0.00859
OAS30474_ses-d0069_run-01,lh,t0.25b4,flat,Gsulc,0.90428,0.123,1.8427,4,0.00332
OAS30474_ses-d0069_run-01,lh,t0.25b4,flat,Guni,0.9041,0.1235,1.8403,3,0.00299
OAS30474_ses-d0069_run-01,lh,t2b8,gated,Gsulc,0.90442,0.135,1.8728,3,0.00582
OAS30474_ses-d0069_run-01,lh,t2b8,gated,Guni,0.90381,0.1442,1.8628,3,0.0072
OAS30474_ses-d0069_run-01,lh,t2b8,flat,Gsulc,0.9042,0.1221,1.8267,3,0.00341
OAS30474_ses-d0069_run-01,lh,t2b8,flat,Guni,0.9041,0.1219,1.8256,3,0.00317
OAS30474_ses-d0069_run-01,lh,unary,-,-,0.90361,0.1165,1.7905,5,0.0
OAS30474_ses-d0069_run-01,rh,t0.5b1,gated,Gsulc,0.90992,0.1183,1.7434,7,0.0046
OAS30474_ses-d0069_run-01,rh,t0.5b1,gated,Guni,0.91015,0.1323,1.7421,4,0.00641
OAS30474_ses-d0069_run-01,rh,t0.5b1,flat,Gsulc,0.91005,0.1108,1.725,4,0.00326
OAS30474_ses-d0069_run-01,rh,t0.5b1,flat,Guni,0.91,0.1108,1.7364,4,0.00308
OAS30474_ses-d0069_run-01,rh,t0.25b4,gated,Gsulc,0.90391,0.2365,2.4266,260,0.01038
OAS30474_ses-d0069_run-01,rh,t0.25b4,gated,Guni,0.91077,0.1529,1.7399,2,0.00913
OAS30474_ses-d0069_run-01,rh,t0.25b4,flat,Gsulc,0.91011,0.111,1.7206,3,0.00335
OAS30474_ses-d0069_run-01,rh,t0.25b4,flat,Guni,0.91,0.1108,1.7364,3,0.00308
OAS30474_ses-d0069_run-01,rh,t2b8,gated,Gsulc,0.91006,0.1216,1.7645,1,0.00594
OAS30474_ses-d0069_run-01,rh,t2b8,gated,Guni,0.90983,0.1351,1.7685,1,0.00766
OAS30474_ses-d0069_run-01,rh,t2b8,flat,Gsulc,0.91014,0.11,1.7206,1,0.00343
OAS30474_ses-d0069_run-01,rh,t2b8,flat,Guni,0.91005,0.1108,1.7393,1,0.00315
OAS30474_ses-d0069_run-01,rh,unary,-,-,0.90982,0.0993,1.5516,7,0.0
OAS30513_ses-d0119,lh,t0.5b1,gated,Gsulc,0.9119,0.0755,1.3097,12,0.00457
OAS30513_ses-d0119,lh,t0.5b1,gated,Guni,0.91207,0.0807,1.3542,3,0.00605
OAS30513_ses-d0119,lh,t0.5b1,flat,Gsulc,0.91165,0.0654,1.2964,3,0.00345
OAS30513_ses-d0119,lh,t0.5b1,flat,Guni,0.91172,0.0662,1.2835,3,0.00325
OAS30513_ses-d0119,lh,t0.25b4,gated,Gsulc,0.90781,0.188,1.8744,224,0.01004
OAS30513_ses-d0119,lh,t0.25b4,gated,Guni,0.91251,0.1049,1.4346,3,0.00937
OAS30513_ses-d0119,lh,t0.25b4,flat,Gsulc,0.9116,0.0647,1.2814,4,0.00365
OAS30513_ses-d0119,lh,t0.25b4,flat,Guni,0.91172,0.0655,1.286,3,0.00329
OAS30513_ses-d0119,lh,t2b8,gated,Gsulc,0.9119,0.0743,1.276,3,0.00563
OAS30513_ses-d0119,lh,t2b8,gated,Guni,0.9122,0.0879,1.3435,3,0.00798
OAS30513_ses-d0119,lh,t2b8,flat,Gsulc,0.91171,0.0654,1.2571,3,0.0037
OAS30513_ses-d0119,lh,t2b8,flat,Guni,0.9118,0.0659,1.2476,3,0.00345
OAS30513_ses-d0119,lh,unary,-,-,0.91118,0.052,1.1861,11,0.0
OAS30513_ses-d0119,rh,t0.5b1,gated,Gsulc,0.89968,0.1091,1.62,12,0.00493
OAS30513_ses-d0119,rh,t0.5b1,gated,Guni,0.90044,0.1177,1.5021,6,0.00628
OAS30513_ses-d0119,rh,t0.5b1,flat,Gsulc,0.89981,0.1011,1.5126,5,0.00365
OAS30513_ses-d0119,rh,t0.5b1,flat,Guni,0.89997,0.1022,1.5359,4,0.00346
OAS30513_ses-d0119,rh,t0.25b4,gated,Gsulc,0.89552,0.2275,2.1857,254,0.00998
OAS30513_ses-d0119,rh,t0.25b4,gated,Guni,0.90028,0.1465,1.6229,5,0.01022
OAS30513_ses-d0119,rh,t0.25b4,flat,Gsulc,0.89994,0.1011,1.5405,4,0.00387
OAS30513_ses-d0119,rh,t0.25b4,flat,Guni,0.89997,0.102,1.5126,4,0.00347
OAS30513_ses-d0119,rh,t2b8,gated,Gsulc,0.89969,0.1078,1.5834,5,0.00628
OAS30513_ses-d0119,rh,t2b8,gated,Guni,0.90037,0.118,1.5878,5,0.00814
OAS30513_ses-d0119,rh,t2b8,flat,Gsulc,0.89997,0.1002,1.5125,4,0.00388
OAS30513_ses-d0119,rh,t2b8,flat,Guni,0.89999,0.1018,1.5122,4,0.00354
OAS30513_ses-d0119,rh,unary,-,-,0.89932,0.0953,1.3385,14,0.0
OAS30551_ses-d0104,lh,t0.5b1,gated,Gsulc,0.90953,0.1427,1.7756,8,0.00495
OAS30551_ses-d0104,lh,t0.5b1,gated,Guni,0.90935,0.1535,1.7726,3,0.00675
OAS30551_ses-d0104,lh,t0.5b1,flat,Gsulc,0.90981,0.1325,1.7608,3,0.00337
OAS30551_ses-d0104,lh,t0.5b1,flat,Guni,0.90986,0.1331,1.7551,3,0.00316
OAS30551_ses-d0104,lh,t0.25b4,gated,Gsulc,0.90663,0.251,2.2314,253,0.01078
OAS30551_ses-d0104,lh,t0.25b4,gated,Guni,0.90957,0.1846,1.8241,3,0.01058
OAS30551_ses-d0104,lh,t0.25b4,flat,Gsulc,0.9099,0.1319,1.7593,3,0.00344
OAS30551_ses-d0104,lh,t0.25b4,flat,Guni,0.90986,0.1331,1.7551,3,0.00316
OAS30551_ses-d0104,lh,t2b8,gated,Gsulc,0.90938,0.1469,1.7883,3,0.00662
OAS30551_ses-d0104,lh,t2b8,gated,Guni,0.90901,0.1566,1.7794,3,0.00884
OAS30551_ses-d0104,lh,t2b8,flat,Gsulc,0.90987,0.131,1.7616,3,0.00345
OAS30551_ses-d0104,lh,t2b8,flat,Guni,0.90986,0.1323,1.7552,3,0.00319
OAS30551_ses-d0104,lh,unary,-,-,0.90928,0.1257,1.6327,7,0.0
OAS30551_ses-d0104,rh,t0.5b1,gated,Gsulc,0.90023,0.0948,1.7995,11,0.00494
OAS30551_ses-d0104,rh,t0.5b1,gated,Guni,0.90077,0.0983,1.709,3,0.00639
OAS30551_ses-d0104,rh,t0.5b1,flat,Gsulc,0.89977,0.0825,1.7009,3,0.00365
OAS30551_ses-d0104,rh,t0.5b1,flat,Guni,0.89962,0.0829,1.7095,3,0.00347
OAS30551_ses-d0104,rh,t0.25b4,gated,Gsulc,0.89559,0.1984,2.4462,227,0.00976
OAS30551_ses-d0104,rh,t0.25b4,gated,Guni,0.89979,0.1183,1.8064,4,0.00948
OAS30551_ses-d0104,rh,t0.25b4,flat,Gsulc,0.8997,0.0824,1.6894,4,0.00383
OAS30551_ses-d0104,rh,t0.25b4,flat,Guni,0.89962,0.0829,1.7095,3,0.00347
OAS30551_ses-d0104,rh,t2b8,gated,Gsulc,0.90051,0.0947,1.7215,3,0.00621
OAS30551_ses-d0104,rh,t2b8,gated,Guni,0.89991,0.1013,1.7885,3,0.00835
OAS30551_ses-d0104,rh,t2b8,flat,Gsulc,0.89969,0.0824,1.6935,3,0.00377
OAS30551_ses-d0104,rh,t2b8,flat,Guni,0.89964,0.0829,1.7077,3,0.00349
OAS30551_ses-d0104,rh,unary,-,-,0.89914,0.0786,1.613,9,0.0
OAS30587_ses-d4511,lh,t0.5b1,gated,Gsulc,0.87911,0.1033,0.9657,11,0.00548
OAS30587_ses-d4511,lh,t0.5b1,gated,Guni,0.87954,0.1183,1.0252,5,0.00714
OAS30587_ses-d4511,lh,t0.5b1,flat,Gsulc,0.87895,0.0947,0.9398,5,0.00402
OAS30587_ses-d4511,lh,t0.5b1,flat,Guni,0.87889,0.0953,0.9464,5,0.00382
OAS30587_ses-d4511,lh,t0.25b4,gated,Gsulc,0.87564,0.2128,1.5017,267,0.01068
OAS30587_ses-d4511,lh,t0.25b4,gated,Guni,0.87922,0.1455,1.0706,5,0.01084
OAS30587_ses-d4511,lh,t0.25b4,flat,Gsulc,0.87896,0.0937,0.9655,5,0.00416
OAS30587_ses-d4511,lh,t0.25b4,flat,Guni,0.8789,0.0952,0.9663,5,0.00385
OAS30587_ses-d4511,lh,t2b8,gated,Gsulc,0.87921,0.1058,1.0272,5,0.00666
OAS30587_ses-d4511,lh,t2b8,gated,Guni,0.87885,0.1193,1.0348,5,0.00913
OAS30587_ses-d4511,lh,t2b8,flat,Gsulc,0.87905,0.0927,0.9464,5,0.00426
OAS30587_ses-d4511,lh,t2b8,flat,Guni,0.87898,0.0937,0.9553,5,0.004
OAS30587_ses-d4511,lh,unary,-,-,0.8783,0.0831,0.757,16,0.0
OAS30587_ses-d4511,rh,t0.5b1,gated,Gsulc,0.87255,0.1007,1.1697,26,0.00602
OAS30587_ses-d4511,rh,t0.5b1,gated,Guni,0.8722,0.1139,1.1907,8,0.00779
OAS30587_ses-d4511,rh,t0.5b1,flat,Gsulc,0.87245,0.0886,1.1529,9,0.00474
OAS30587_ses-d4511,rh,t0.5b1,flat,Guni,0.87253,0.0886,1.159,9,0.00457
OAS30587_ses-d4511,rh,t0.25b4,gated,Gsulc,0.86676,0.2108,1.6726,265,0.01142
OAS30587_ses-d4511,rh,t0.25b4,gated,Guni,0.87207,0.1371,1.2408,9,0.01172
OAS30587_ses-d4511,rh,t0.25b4,flat,Gsulc,0.87257,0.0887,1.191,6,0.00489
OAS30587_ses-d4511,rh,t0.25b4,flat,Guni,0.87252,0.0886,1.1715,8,0.0046
OAS30587_ses-d4511,rh,t2b8,gated,Gsulc,0.87302,0.0964,1.1473,7,0.00739
OAS30587_ses-d4511,rh,t2b8,gated,Guni,0.87237,0.1114,1.1925,7,0.00943
OAS30587_ses-d4511,rh,t2b8,flat,Gsulc,0.87257,0.0886,1.1879,6,0.00493
OAS30587_ses-d4511,rh,t2b8,flat,Guni,0.87256,0.0874,1.1529,8,0.00468
OAS30587_ses-d4511,rh,unary,-,-,0.87248,0.0728,0.9779,21,0.0
OAS30625_ses-d0033,lh,t0.5b1,gated,Gsulc,0.87214,0.1258,1.5242,21,0.00551
OAS30625_ses-d0033,lh,t0.5b1,gated,Guni,0.87172,0.1295,1.5317,11,0.00692
OAS30625_ses-d0033,lh,t0.5b1,flat,Gsulc,0.87209,0.1148,1.5477,12,0.00375
OAS30625_ses-d0033,lh,t0.5b1,flat,Guni,0.87191,0.1148,1.5461,13,0.00361
OAS30625_ses-d0033,lh,t0.25b4,gated,Gsulc,0.86882,0.244,2.1239,333,0.01005
OAS30625_ses-d0033,lh,t0.25b4,gated,Guni,0.87177,0.1511,1.6076,12,0.01018
OAS30625_ses-d0033,lh,t0.25b4,flat,Gsulc,0.87209,0.1132,1.5314,14,0.00385
OAS30625_ses-d0033,lh,t0.25b4,flat,Guni,0.87192,0.1138,1.5315,13,0.00362
OAS30625_ses-d0033,lh,t2b8,gated,Gsulc,0.87221,0.1254,1.5091,12,0.00704
OAS30625_ses-d0033,lh,t2b8,gated,Guni,0.87172,0.1317,1.5265,12,0.0091
OAS30625_ses-d0033,lh,t2b8,flat,Gsulc,0.87215,0.1132,1.527,13,0.00395
OAS30625_ses-d0033,lh,t2b8,flat,Guni,0.87193,0.1132,1.5248,13,0.00376
OAS30625_ses-d0033,lh,unary,-,-,0.87142,0.1028,1.4461,23,0.0
OAS30625_ses-d0033,rh,t0.5b1,gated,Gsulc,0.89526,0.0816,1.6469,26,0.00465
OAS30625_ses-d0033,rh,t0.5b1,gated,Guni,0.89604,0.0896,1.7091,11,0.00641
OAS30625_ses-d0033,rh,t0.5b1,flat,Gsulc,0.89541,0.0716,1.624,11,0.00374
OAS30625_ses-d0033,rh,t0.5b1,flat,Guni,0.89539,0.0729,1.6247,12,0.00355
OAS30625_ses-d0033,rh,t0.25b4,gated,Gsulc,0.89177,0.1948,2.479,271,0.00965
OAS30625_ses-d0033,rh,t0.25b4,gated,Guni,0.89685,0.1124,1.7073,11,0.0094
OAS30625_ses-d0033,rh,t0.25b4,flat,Gsulc,0.89534,0.0727,1.6096,12,0.00383
OAS30625_ses-d0033,rh,t0.25b4,flat,Guni,0.89538,0.0719,1.6237,12,0.00357
OAS30625_ses-d0033,rh,t2b8,gated,Gsulc,0.89569,0.0847,1.5981,11,0.00592
OAS30625_ses-d0033,rh,t2b8,gated,Guni,0.89637,0.0998,1.6567,11,0.00857
OAS30625_ses-d0033,rh,t2b8,flat,Gsulc,0.89558,0.0741,1.5367,11,0.00397
OAS30625_ses-d0033,rh,t2b8,flat,Guni,0.89558,0.0745,1.5367,12,0.00377
OAS30625_ses-d0033,rh,unary,-,-,0.89436,0.0672,1.4153,25,0.0
OAS30664_ses-d0226_run-01,lh,t0.5b1,gated,Gsulc,0.90857,0.1269,1.6272,11,0.00448
OAS30664_ses-d0226_run-01,lh,t0.5b1,gated,Guni,0.90884,0.1374,1.6365,2,0.00603
OAS30664_ses-d0226_run-01,lh,t0.5b1,flat,Gsulc,0.90858,0.1121,1.6196,2,0.00328
OAS30664_ses-d0226_run-01,lh,t0.5b1,flat,Guni,0.90858,0.1112,1.6184,2,0.00313
OAS30664_ses-d0226_run-01,lh,t0.25b4,gated,Gsulc,0.90325,0.2346,2.1414,209,0.01001
OAS30664_ses-d0226_run-01,lh,t0.25b4,gated,Guni,0.90909,0.1557,1.6842,2,0.00886
OAS30664_ses-d0226_run-01,lh,t0.25b4,flat,Gsulc,0.90856,0.1126,1.6218,2,0.00335
OAS30664_ses-d0226_run-01,lh,t0.25b4,flat,Guni,0.90858,0.1112,1.6184,2,0.00313
OAS30664_ses-d0226_run-01,lh,t2b8,gated,Gsulc,0.90887,0.1335,1.6292,1,0.00564
OAS30664_ses-d0226_run-01,lh,t2b8,gated,Guni,0.90892,0.1393,1.6713,1,0.00765
OAS30664_ses-d0226_run-01,lh,t2b8,flat,Gsulc,0.90858,0.1126,1.6172,1,0.00343
OAS30664_ses-d0226_run-01,lh,t2b8,flat,Guni,0.9086,0.1121,1.613,1,0.00319
OAS30664_ses-d0226_run-01,lh,unary,-,-,0.90835,0.1034,1.4477,8,0.0
OAS30664_ses-d0226_run-01,rh,t0.5b1,gated,Gsulc,0.9082,0.139,1.7784,4,0.00479
OAS30664_ses-d0226_run-01,rh,t0.5b1,gated,Guni,0.90757,0.1459,1.7986,3,0.00627
OAS30664_ses-d0226_run-01,rh,t0.5b1,flat,Gsulc,0.9081,0.128,1.7424,3,0.00346
OAS30664_ses-d0226_run-01,rh,t0.5b1,flat,Guni,0.90808,0.128,1.7408,3,0.00331
OAS30664_ses-d0226_run-01,rh,t0.25b4,gated,Gsulc,0.90325,0.2595,2.1795,217,0.01056
OAS30664_ses-d0226_run-01,rh,t0.25b4,gated,Guni,0.90748,0.1764,1.853,3,0.01004
OAS30664_ses-d0226_run-01,rh,t0.25b4,flat,Gsulc,0.90809,0.1282,1.7442,3,0.00357
OAS30664_ses-d0226_run-01,rh,t0.25b4,flat,Guni,0.90808,0.128,1.7408,3,0.00331
OAS30664_ses-d0226_run-01,rh,t2b8,gated,Gsulc,0.9085,0.1422,1.813,2,0.00644
OAS30664_ses-d0226_run-01,rh,t2b8,gated,Guni,0.90771,0.1515,1.8502,1,0.01083
OAS30664_ses-d0226_run-01,rh,t2b8,flat,Gsulc,0.90811,0.1297,1.7677,2,0.00359
OAS30664_ses-d0226_run-01,rh,t2b8,flat,Guni,0.90812,0.1291,1.7441,2,0.00336
OAS30664_ses-d0226_run-01,rh,unary,-,-,0.90751,0.1228,1.7005,7,0.0
OAS30703_ses-d0076_run-01,lh,t0.5b1,gated,Gsulc,0.90078,0.1754,1.1417,7,0.0059
OAS30703_ses-d0076_run-01,lh,t0.5b1,gated,Guni,0.90137,0.1862,1.1871,1,0.00727
OAS30703_ses-d0076_run-01,lh,t0.5b1,flat,Gsulc,0.90059,0.1541,1.0917,2,0.00403
OAS30703_ses-d0076_run-01,lh,t0.5b1,flat,Guni,0.90055,0.1553,1.1085,2,0.00381
OAS30703_ses-d0076_run-01,lh,t0.25b4,gated,Gsulc,0.89633,0.2788,1.5389,222,0.01121
OAS30703_ses-d0076_run-01,lh,t0.25b4,gated,Guni,0.90119,0.2228,1.2159,2,0.01107
OAS30703_ses-d0076_run-01,lh,t0.25b4,flat,Gsulc,0.90066,0.1553,1.0917,2,0.0041
OAS30703_ses-d0076_run-01,lh,t0.25b4,flat,Guni,0.90055,0.1553,1.1085,2,0.00381
OAS30703_ses-d0076_run-01,lh,t2b8,gated,Gsulc,0.90072,0.1842,1.1549,2,0.00771
OAS30703_ses-d0076_run-01,lh,t2b8,gated,Guni,0.90104,0.1921,1.1914,1,0.00907
OAS30703_ses-d0076_run-01,lh,t2b8,flat,Gsulc,0.90073,0.1585,1.1341,2,0.00417
OAS30703_ses-d0076_run-01,lh,t2b8,flat,Guni,0.90059,0.1587,1.1355,2,0.00391
OAS30703_ses-d0076_run-01,lh,unary,-,-,0.89996,0.1404,0.943,10,0.0
OAS30703_ses-d0076_run-01,rh,t0.5b1,gated,Gsulc,0.8984,0.1068,1.5755,11,0.00502
OAS30703_ses-d0076_run-01,rh,t0.5b1,gated,Guni,0.89848,0.118,1.5982,3,0.00623
OAS30703_ses-d0076_run-01,rh,t0.5b1,flat,Gsulc,0.89834,0.0977,1.5595,6,0.00369
OAS30703_ses-d0076_run-01,rh,t0.5b1,flat,Guni,0.89835,0.0974,1.5695,5,0.00351
OAS30703_ses-d0076_run-01,rh,t0.25b4,gated,Gsulc,0.89494,0.2248,2.1085,208,0.00942
OAS30703_ses-d0076_run-01,rh,t0.25b4,gated,Guni,0.8989,0.1445,1.6502,2,0.00949
OAS30703_ses-d0076_run-01,rh,t0.25b4,flat,Gsulc,0.8982,0.098,1.5543,7,0.00384
OAS30703_ses-d0076_run-01,rh,t0.25b4,flat,Guni,0.89835,0.0974,1.5695,4,0.00351
OAS30703_ses-d0076_run-01,rh,t2b8,gated,Gsulc,0.89835,0.109,1.5506,2,0.0064
OAS30703_ses-d0076_run-01,rh,t2b8,gated,Guni,0.89846,0.1198,1.585,2,0.00788
OAS30703_ses-d0076_run-01,rh,t2b8,flat,Gsulc,0.89838,0.0972,1.5347,4,0.0039
OAS30703_ses-d0076_run-01,rh,t2b8,flat,Guni,0.89842,0.0962,1.5477,4,0.00363
OAS30703_ses-d0076_run-01,rh,unary,-,-,0.89853,0.0926,1.5659,11,0.0
OAS30741_ses-d3184,lh,t0.5b1,gated,Gsulc,0.87437,0.1202,1.4406,20,0.00532
OAS30741_ses-d3184,lh,t0.5b1,gated,Guni,0.87408,0.1244,1.4259,6,0.00671
OAS30741_ses-d3184,lh,t0.5b1,flat,Gsulc,0.87479,0.1034,1.4166,6,0.00395
OAS30741_ses-d3184,lh,t0.5b1,flat,Guni,0.87493,0.1038,1.4243,6,0.00378
OAS30741_ses-d3184,lh,t0.25b4,gated,Gsulc,0.87069,0.2282,2.2042,306,0.00965
OAS30741_ses-d3184,lh,t0.25b4,gated,Guni,0.87383,0.1487,1.4506,5,0.00951
OAS30741_ses-d3184,lh,t0.25b4,flat,Gsulc,0.87483,0.1035,1.4116,8,0.00417
OAS30741_ses-d3184,lh,t0.25b4,flat,Guni,0.87493,0.1038,1.4243,6,0.00378
OAS30741_ses-d3184,lh,t2b8,gated,Gsulc,0.8739,0.1193,1.4383,5,0.0067
OAS30741_ses-d3184,lh,t2b8,gated,Guni,0.87392,0.1267,1.4692,5,0.00833
OAS30741_ses-d3184,lh,t2b8,flat,Gsulc,0.87486,0.1025,1.4185,5,0.00418
OAS30741_ses-d3184,lh,t2b8,flat,Guni,0.87493,0.1034,1.4337,5,0.00389
OAS30741_ses-d3184,lh,unary,-,-,0.87419,0.0955,1.3393,16,0.0
OAS30741_ses-d3184,rh,t0.5b1,gated,Gsulc,0.89327,0.1029,1.8668,9,0.00415
OAS30741_ses-d3184,rh,t0.5b1,gated,Guni,0.89322,0.11,1.9055,4,0.00536
OAS30741_ses-d3184,rh,t0.5b1,flat,Gsulc,0.89355,0.0896,1.8576,3,0.00302
OAS30741_ses-d3184,rh,t0.5b1,flat,Guni,0.89374,0.0896,1.8612,3,0.00292
OAS30741_ses-d3184,rh,t0.25b4,gated,Gsulc,0.88773,0.2199,2.3166,266,0.00904
OAS30741_ses-d3184,rh,t0.25b4,gated,Guni,0.89266,0.1239,1.9448,4,0.00776
OAS30741_ses-d3184,rh,t0.25b4,flat,Gsulc,0.89353,0.0892,1.8373,5,0.00308
OAS30741_ses-d3184,rh,t0.25b4,flat,Guni,0.89374,0.0896,1.8612,3,0.00292
OAS30741_ses-d3184,rh,t2b8,gated,Gsulc,0.89354,0.104,1.8384,3,0.00532
OAS30741_ses-d3184,rh,t2b8,gated,Guni,0.89324,0.1113,1.8957,4,0.00667
OAS30741_ses-d3184,rh,t2b8,flat,Gsulc,0.89354,0.0891,1.8429,3,0.00309
OAS30741_ses-d3184,rh,t2b8,flat,Guni,0.89375,0.0893,1.843,3,0.00298
OAS30741_ses-d3184,rh,unary,-,-,0.89308,0.0853,1.7879,7,0.0
OAS30776_ses-d2471,lh,t0.5b1,gated,Gsulc,0.92139,0.1404,2.0545,13,0.00413
OAS30776_ses-d2471,lh,t0.5b1,gated,Guni,0.92165,0.1525,2.0933,6,0.00543
OAS30776_ses-d2471,lh,t0.5b1,flat,Gsulc,0.92142,0.1217,2.0313,6,0.00269
OAS30776_ses-d2471,lh,t0.5b1,flat,Guni,0.92143,0.1209,2.0309,6,0.00257
OAS30776_ses-d2471,lh,t0.25b4,gated,Gsulc,0.91709,0.2703,2.7478,288,0.00956
OAS30776_ses-d2471,lh,t0.25b4,gated,Guni,0.92201,0.1799,2.0543,5,0.00856
OAS30776_ses-d2471,lh,t0.25b4,flat,Gsulc,0.92137,0.1217,2.015,5,0.00277
OAS30776_ses-d2471,lh,t0.25b4,flat,Guni,0.92143,0.1209,2.0309,5,0.00257
OAS30776_ses-d2471,lh,t2b8,gated,Gsulc,0.92198,0.1424,2.0298,4,0.00564
OAS30776_ses-d2471,lh,t2b8,gated,Guni,0.92208,0.1521,1.9918,3,0.00722
OAS30776_ses-d2471,lh,t2b8,flat,Gsulc,0.92141,0.122,1.985,4,0.00289
OAS30776_ses-d2471,lh,t2b8,flat,Guni,0.92141,0.1215,1.988,5,0.00269
OAS30776_ses-d2471,lh,unary,-,-,0.92095,0.1136,1.8662,13,0.0
OAS30776_ses-d2471,rh,t0.5b1,gated,Gsulc,0.90511,0.1126,2.0458,8,0.00432
OAS30776_ses-d2471,rh,t0.5b1,gated,Guni,0.90506,0.1194,2.1147,3,0.00557
OAS30776_ses-d2471,rh,t0.5b1,flat,Gsulc,0.90516,0.0961,2.0172,3,0.00327
OAS30776_ses-d2471,rh,t0.5b1,flat,Guni,0.90518,0.0963,2.0089,3,0.00307
OAS30776_ses-d2471,rh,t0.25b4,gated,Gsulc,0.90024,0.2209,2.5974,243,0.00884
OAS30776_ses-d2471,rh,t0.25b4,gated,Guni,0.90432,0.14,2.1147,3,0.00827
OAS30776_ses-d2471,rh,t0.25b4,flat,Gsulc,0.9051,0.0971,2.0172,3,0.00342
OAS30776_ses-d2471,rh,t0.25b4,flat,Guni,0.9052,0.0971,2.0165,3,0.00309
OAS30776_ses-d2471,rh,t2b8,gated,Gsulc,0.90464,0.113,2.1197,3,0.00556
OAS30776_ses-d2471,rh,t2b8,gated,Guni,0.90388,0.1214,2.1761,3,0.00716
OAS30776_ses-d2471,rh,t2b8,flat,Gsulc,0.90511,0.0971,2.0189,3,0.0034
OAS30776_ses-d2471,rh,t2b8,flat,Guni,0.90522,0.0971,2.019,3,0.00311
OAS30776_ses-d2471,rh,unary,-,-,0.90524,0.0862,1.8268,7,0.0
OAS30811_ses-d7690_run-01,lh,t0.5b1,gated,Gsulc,0.90085,0.1154,1.4305,16,0.00575
OAS30811_ses-d7690_run-01,lh,t0.5b1,gated,Guni,0.90077,0.1264,1.3917,5,0.00728
OAS30811_ses-d7690_run-01,lh,t0.5b1,flat,Gsulc,0.90074,0.0999,1.3894,4,0.004
OAS30811_ses-d7690_run-01,lh,t0.5b1,flat,Guni,0.90101,0.0999,1.3824,6,0.00386
OAS30811_ses-d7690_run-01,lh,t0.25b4,gated,Gsulc,0.89606,0.2284,2.0112,267,0.011
OAS30811_ses-d7690_run-01,lh,t0.25b4,gated,Guni,0.89912,0.1484,1.4494,3,0.01055
OAS30811_ses-d7690_run-01,lh,t0.25b4,flat,Gsulc,0.90089,0.0983,1.3849,5,0.00415
OAS30811_ses-d7690_run-01,lh,t0.25b4,flat,Guni,0.90102,0.0995,1.3824,6,0.00388
OAS30811_ses-d7690_run-01,lh,t2b8,gated,Gsulc,0.9008,0.1142,1.4246,6,0.00741
OAS30811_ses-d7690_run-01,lh,t2b8,gated,Guni,0.90007,0.1248,1.4007,5,0.00941
OAS30811_ses-d7690_run-01,lh,t2b8,flat,Gsulc,0.90084,0.098,1.4021,4,0.00415
OAS30811_ses-d7690_run-01,lh,t2b8,flat,Guni,0.90105,0.0981,1.3824,6,0.00396
OAS30811_ses-d7690_run-01,lh,unary,-,-,0.89954,0.0908,1.1612,17,0.0
OAS30811_ses-d7690_run-01,rh,t0.5b1,gated,Gsulc,0.88008,0.1075,1.4686,19,0.00583
OAS30811_ses-d7690_run-01,rh,t0.5b1,gated,Guni,0.8798,0.1192,1.453,10,0.00737
OAS30811_ses-d7690_run-01,rh,t0.5b1,flat,Gsulc,0.8798,0.0966,1.3826,11,0.00443
OAS30811_ses-d7690_run-01,rh,t0.5b1,flat,Guni,0.87988,0.0968,1.3761,9,0.00424
OAS30811_ses-d7690_run-01,rh,t0.25b4,gated,Gsulc,0.8734,0.2444,1.838,275,0.01125
OAS30811_ses-d7690_run-01,rh,t0.25b4,gated,Guni,0.87873,0.1454,1.4775,10,0.01069
OAS30811_ses-d7690_run-01,rh,t0.25b4,flat,Gsulc,0.87989,0.0938,1.3747,10,0.00475
OAS30811_ses-d7690_run-01,rh,t0.25b4,flat,Guni,0.87986,0.0955,1.3895,9,0.00425
OAS30811_ses-d7690_run-01,rh,t2b8,gated,Gsulc,0.87926,0.1046,1.4543,11,0.0073
OAS30811_ses-d7690_run-01,rh,t2b8,gated,Guni,0.87925,0.1191,1.4834,9,0.00886
OAS30811_ses-d7690_run-01,rh,t2b8,flat,Gsulc,0.87975,0.0937,1.4644,9,0.0047
OAS30811_ses-d7690_run-01,rh,t2b8,flat,Guni,0.87974,0.0937,1.4355,8,0.0044
OAS30811_ses-d7690_run-01,rh,unary,-,-,0.87885,0.084,1.1079,17,0.0
OAS30851_ses-d0000_run-01,lh,t0.5b1,gated,Gsulc,0.89885,0.0965,1.4297,20,0.00511
OAS30851_ses-d0000_run-01,lh,t0.5b1,gated,Guni,0.89833,0.1064,1.4349,12,0.00661
OAS30851_ses-d0000_run-01,lh,t0.5b1,flat,Gsulc,0.89878,0.087,1.4147,13,0.00391
OAS30851_ses-d0000_run-01,lh,t0.5b1,flat,Guni,0.89872,0.0861,1.4162,13,0.00371
OAS30851_ses-d0000_run-01,lh,t0.25b4,gated,Gsulc,0.89489,0.2004,1.8744,272,0.01028
OAS30851_ses-d0000_run-01,lh,t0.25b4,gated,Guni,0.89801,0.1325,1.4713,12,0.01009
OAS30851_ses-d0000_run-01,lh,t0.25b4,flat,Gsulc,0.89889,0.0886,1.4286,11,0.00408
OAS30851_ses-d0000_run-01,lh,t0.25b4,flat,Guni,0.89874,0.0865,1.4331,12,0.00373
OAS30851_ses-d0000_run-01,lh,t2b8,gated,Gsulc,0.89854,0.0987,1.4346,12,0.00638
OAS30851_ses-d0000_run-01,lh,t2b8,gated,Guni,0.89785,0.1102,1.4287,10,0.00871
OAS30851_ses-d0000_run-01,lh,t2b8,flat,Gsulc,0.89889,0.0863,1.4135,11,0.00412
OAS30851_ses-d0000_run-01,lh,t2b8,flat,Guni,0.89876,0.0856,1.4161,12,0.00383
OAS30851_ses-d0000_run-01,lh,unary,-,-,0.89835,0.0781,1.2914,21,0.0
OAS30851_ses-d0000_run-01,rh,t0.5b1,gated,Gsulc,0.89786,0.1327,1.7463,12,0.00554
OAS30851_ses-d0000_run-01,rh,t0.5b1,gated,Guni,0.89765,0.1511,1.777,5,0.00702
OAS30851_ses-d0000_run-01,rh,t0.5b1,flat,Gsulc,0.89845,0.1182,1.7384,5,0.00405
OAS30851_ses-d0000_run-01,rh,t0.5b1,flat,Guni,0.89852,0.1175,1.7309,5,0.00397
OAS30851_ses-d0000_run-01,rh,t0.25b4,gated,Gsulc,0.89317,0.2628,2.3095,290,0.01117
OAS30851_ses-d0000_run-01,rh,t0.25b4,gated,Guni,0.8962,0.1775,1.802,6,0.01027
OAS30851_ses-d0000_run-01,rh,t0.25b4,flat,Gsulc,0.89839,0.1192,1.7598,6,0.00409
OAS30851_ses-d0000_run-01,rh,t0.25b4,flat,Guni,0.89853,0.1182,1.748,5,0.00399
OAS30851_ses-d0000_run-01,rh,t2b8,gated,Gsulc,0.89766,0.1405,1.7184,5,0.00696
OAS30851_ses-d0000_run-01,rh,t2b8,gated,Guni,0.89812,0.1524,1.7618,5,0.00884
OAS30851_ses-d0000_run-01,rh,t2b8,flat,Gsulc,0.89848,0.12,1.7259,5,0.00423
OAS30851_ses-d0000_run-01,rh,t2b8,flat,Guni,0.89861,0.1188,1.7183,5,0.00413
OAS30851_ses-d0000_run-01,rh,unary,-,-,0.89698,0.1041,1.5441,19,0.0
OAS30888_ses-d0066,lh,t0.5b1,gated,Gsulc,0.88776,0.109,1.7659,13,0.00536
OAS30888_ses-d0066,lh,t0.5b1,gated,Guni,0.88757,0.1229,1.7681,9,0.00735
OAS30888_ses-d0066,lh,t0.5b1,flat,Gsulc,0.88836,0.0996,1.749,9,0.00403
OAS30888_ses-d0066,lh,t0.5b1,flat,Guni,0.88841,0.0999,1.7389,9,0.00394
OAS30888_ses-d0066,lh,t0.25b4,gated,Gsulc,0.88271,0.2264,2.2678,294,0.01098
OAS30888_ses-d0066,lh,t0.25b4,gated,Guni,0.88584,0.1497,1.7672,8,0.01086
OAS30888_ses-d0066,lh,t0.25b4,flat,Gsulc,0.88827,0.1003,1.7519,8,0.00411
OAS30888_ses-d0066,lh,t0.25b4,flat,Guni,0.88841,0.0999,1.7389,8,0.00394
OAS30888_ses-d0066,lh,t2b8,gated,Gsulc,0.88807,0.1127,1.7663,7,0.00705
OAS30888_ses-d0066,lh,t2b8,gated,Guni,0.88718,0.1237,1.7663,7,0.00909
OAS30888_ses-d0066,lh,t2b8,flat,Gsulc,0.88824,0.0993,1.7363,7,0.00413
OAS30888_ses-d0066,lh,t2b8,flat,Guni,0.8884,0.0994,1.7303,7,0.00398
OAS30888_ses-d0066,lh,unary,-,-,0.88744,0.0905,1.5474,12,0.0
OAS30888_ses-d0066,rh,t0.5b1,gated,Gsulc,0.88633,0.1004,1.7457,20,0.00467
OAS30888_ses-d0066,rh,t0.5b1,gated,Guni,0.8866,0.1133,1.791,6,0.00605
OAS30888_ses-d0066,rh,t0.5b1,flat,Gsulc,0.88677,0.0865,1.7347,6,0.00365
OAS30888_ses-d0066,rh,t0.5b1,flat,Guni,0.88683,0.0868,1.7058,6,0.00345
OAS30888_ses-d0066,rh,t0.25b4,gated,Gsulc,0.88207,0.2018,2.3891,244,0.00947
OAS30888_ses-d0066,rh,t0.25b4,gated,Guni,0.88631,0.1407,1.9024,5,0.00929
OAS30888_ses-d0066,rh,t0.25b4,flat,Gsulc,0.88667,0.0855,1.7402,7,0.00382
OAS30888_ses-d0066,rh,t0.25b4,flat,Guni,0.88683,0.0868,1.7058,6,0.00345
OAS30888_ses-d0066,rh,t2b8,gated,Gsulc,0.88667,0.1007,1.7876,6,0.00591
OAS30888_ses-d0066,rh,t2b8,gated,Guni,0.88634,0.1158,1.8024,5,0.00809
OAS30888_ses-d0066,rh,t2b8,flat,Gsulc,0.88664,0.0855,1.7468,6,0.00376
OAS30888_ses-d0066,rh,t2b8,flat,Guni,0.88678,0.0865,1.7348,6,0.00348
OAS30888_ses-d0066,rh,unary,-,-,0.88657,0.0793,1.5636,16,0.0
OAS30926_ses-d0092,lh,t0.5b1,gated,Gsulc,0.90751,0.1369,1.8458,7,0.0046
OAS30926_ses-d0092,lh,t0.5b1,gated,Guni,0.90704,0.146,1.8775,4,0.00551
OAS30926_ses-d0092,lh,t0.5b1,flat,Gsulc,0.907,0.1256,1.799,3,0.00333
OAS30926_ses-d0092,lh,t0.5b1,flat,Guni,0.907,0.1253,1.7991,4,0.00317
OAS30926_ses-d0092,lh,t0.25b4,gated,Gsulc,0.90368,0.2322,2.296,205,0.00881
OAS30926_ses-d0092,lh,t0.25b4,gated,Guni,0.90633,0.1745,1.9041,4,0.00865
OAS30926_ses-d0092,lh,t0.25b4,flat,Gsulc,0.90714,0.1247,1.8768,3,0.00351
OAS30926_ses-d0092,lh,t0.25b4,flat,Guni,0.90705,0.1253,1.8317,4,0.00321
OAS30926_ses-d0092,lh,t2b8,gated,Gsulc,0.90752,0.1379,1.9342,3,0.00604
OAS30926_ses-d0092,lh,t2b8,gated,Guni,0.9072,0.1437,1.9583,3,0.00706
OAS30926_ses-d0092,lh,t2b8,flat,Gsulc,0.90723,0.1238,1.9072,2,0.00364
OAS30926_ses-d0092,lh,t2b8,flat,Guni,0.90722,0.1236,1.9075,3,0.0034
OAS30926_ses-d0092,lh,unary,-,-,0.90681,0.121,1.8184,7,0.0
OAS30926_ses-d0092,rh,t0.5b1,gated,Gsulc,0.90983,0.1067,1.8634,7,0.00387
OAS30926_ses-d0092,rh,t0.5b1,gated,Guni,0.90999,0.1165,1.8791,4,0.0053
OAS30926_ses-d0092,rh,t0.5b1,flat,Gsulc,0.90989,0.0946,1.822,4,0.003
OAS30926_ses-d0092,rh,t0.5b1,flat,Guni,0.9099,0.0946,1.841,4,0.0028
OAS30926_ses-d0092,rh,t0.25b4,gated,Gsulc,0.90474,0.2273,2.5091,233,0.0092
OAS30926_ses-d0092,rh,t0.25b4,gated,Guni,0.90879,0.1405,1.8873,3,0.00832
OAS30926_ses-d0092,rh,t0.25b4,flat,Gsulc,0.90991,0.0946,1.8589,4,0.00307
OAS30926_ses-d0092,rh,t0.25b4,flat,Guni,0.90989,0.0946,1.841,3,0.00281
OAS30926_ses-d0092,rh,t2b8,gated,Gsulc,0.90959,0.1076,1.8854,3,0.00521
OAS30926_ses-d0092,rh,t2b8,gated,Guni,0.90938,0.1205,1.889,2,0.00727
OAS30926_ses-d0092,rh,t2b8,flat,Gsulc,0.90999,0.0912,1.8336,3,0.00313
OAS30926_ses-d0092,rh,t2b8,flat,Guni,0.91,0.0923,1.8442,3,0.00294
OAS30926_ses-d0092,rh,unary,-,-,0.91016,0.085,1.7295,12,0.0
OAS30966_ses-d0189_run-01,lh,t0.5b1,gated,Gsulc,0.90896,0.1423,1.6118,7,0.00445
OAS30966_ses-d0189_run-01,lh,t0.5b1,gated,Guni,0.90838,0.1478,1.5825,5,0.00607
OAS30966_ses-d0189_run-01,lh,t0.5b1,flat,Gsulc,0.9094,0.1359,1.6307,4,0.00339
OAS30966_ses-d0189_run-01,lh,t0.5b1,flat,Guni,0.90933,0.1357,1.6111,5,0.00315
OAS30966_ses-d0189_run-01,lh,t0.25b4,gated,Gsulc,0.90496,0.2532,1.9955,279,0.00933
OAS30966_ses-d0189_run-01,lh,t0.25b4,gated,Guni,0.9078,0.1676,1.5488,3,0.00853
OAS30966_ses-d0189_run-01,lh,t0.25b4,flat,Gsulc,0.90938,0.1357,1.6307,4,0.00351
OAS30966_ses-d0189_run-01,lh,t0.25b4,flat,Guni,0.90933,0.1357,1.6111,5,0.00315
OAS30966_ses-d0189_run-01,lh,t2b8,gated,Gsulc,0.90919,0.1455,1.6334,4,0.00622
OAS30966_ses-d0189_run-01,lh,t2b8,gated,Guni,0.90834,0.1483,1.6079,3,0.00793
OAS30966_ses-d0189_run-01,lh,t2b8,flat,Gsulc,0.90942,0.1351,1.6307,3,0.00358
OAS30966_ses-d0189_run-01,lh,t2b8,flat,Guni,0.9094,0.1346,1.6112,4,0.00322
OAS30966_ses-d0189_run-01,lh,unary,-,-,0.90926,0.1248,1.4738,8,0.0
OAS30966_ses-d0189_run-01,rh,t0.5b1,gated,Gsulc,0.91029,0.1137,1.4364,8,0.00373
OAS30966_ses-d0189_run-01,rh,t0.5b1,gated,Guni,0.91036,0.1238,1.4373,2,0.00526
OAS30966_ses-d0189_run-01,rh,t0.5b1,flat,Gsulc,0.91068,0.1024,1.3845,2,0.00287
OAS30966_ses-d0189_run-01,rh,t0.5b1,flat,Guni,0.91061,0.1023,1.3893,2,0.00273
OAS30966_ses-d0189_run-01,rh,t0.25b4,gated,Gsulc,0.905,0.2394,2.2515,272,0.00874
OAS30966_ses-d0189_run-01,rh,t0.25b4,gated,Guni,0.9098,0.1455,1.4163,2,0.0081
OAS30966_ses-d0189_run-01,rh,t0.25b4,flat,Gsulc,0.91065,0.1023,1.3862,3,0.00296
OAS30966_ses-d0189_run-01,rh,t0.25b4,flat,Guni,0.91061,0.1023,1.3893,2,0.00273
OAS30966_ses-d0189_run-01,rh,t2b8,gated,Gsulc,0.91016,0.1118,1.3516,2,0.00506
OAS30966_ses-d0189_run-01,rh,t2b8,gated,Guni,0.9099,0.1213,1.3863,2,0.00717
OAS30966_ses-d0189_run-01,rh,t2b8,flat,Gsulc,0.91074,0.0978,1.3724,2,0.00304
OAS30966_ses-d0189_run-01,rh,t2b8,flat,Guni,0.91068,0.0978,1.3756,2,0.00283
OAS30966_ses-d0189_run-01,rh,unary,-,-,0.91028,0.0941,1.2604,8,0.0
OAS31001_ses-d0064,lh,t0.5b1,gated,Gsulc,0.90805,0.1172,1.3336,20,0.00497
OAS31001_ses-d0064,lh,t0.5b1,gated,Guni,0.90812,0.1311,1.304,10,0.00659
OAS31001_ses-d0064,lh,t0.5b1,flat,Gsulc,0.90739,0.1014,1.282,9,0.00368
OAS31001_ses-d0064,lh,t0.5b1,flat,Guni,0.9075,0.1022,1.2998,9,0.00351
OAS31001_ses-d0064,lh,t0.25b4,gated,Gsulc,0.9046,0.2208,2.064,292,0.00975
OAS31001_ses-d0064,lh,t0.25b4,gated,Guni,0.90719,0.1426,1.3364,11,0.00972
OAS31001_ses-d0064,lh,t0.25b4,flat,Gsulc,0.90752,0.1007,1.273,9,0.0038
OAS31001_ses-d0064,lh,t0.25b4,flat,Guni,0.90752,0.1022,1.2827,9,0.00352
OAS31001_ses-d0064,lh,t2b8,gated,Gsulc,0.90835,0.1182,1.3072,9,0.00641
OAS31001_ses-d0064,lh,t2b8,gated,Guni,0.9082,0.1296,1.3335,9,0.00862
OAS31001_ses-d0064,lh,t2b8,flat,Gsulc,0.90744,0.1005,1.3005,9,0.00384
OAS31001_ses-d0064,lh,t2b8,flat,Guni,0.90754,0.1019,1.3014,9,0.00358
OAS31001_ses-d0064,lh,unary,-,-,0.90711,0.0972,1.1778,17,0.0
OAS31001_ses-d0064,rh,t0.5b1,gated,Gsulc,0.89677,0.0863,1.3737,22,0.00508
OAS31001_ses-d0064,rh,t0.5b1,gated,Guni,0.89642,0.0936,1.3793,11,0.00658
OAS31001_ses-d0064,rh,t0.5b1,flat,Gsulc,0.89606,0.0761,1.3451,9,0.00415
OAS31001_ses-d0064,rh,t0.5b1,flat,Guni,0.89621,0.0763,1.3257,11,0.00392
OAS31001_ses-d0064,rh,t0.25b4,gated,Gsulc,0.89278,0.2125,2.0535,322,0.00969
OAS31001_ses-d0064,rh,t0.25b4,gated,Guni,0.89636,0.1109,1.4307,9,0.00934
OAS31001_ses-d0064,rh,t0.25b4,flat,Gsulc,0.89598,0.0752,1.3612,9,0.00437
OAS31001_ses-d0064,rh,t0.25b4,flat,Guni,0.89623,0.0767,1.3355,11,0.00395
OAS31001_ses-d0064,rh,t2b8,gated,Gsulc,0.8965,0.0877,1.396,9,0.00612
OAS31001_ses-d0064,rh,t2b8,gated,Guni,0.89624,0.0976,1.4301,8,0.00816
OAS31001_ses-d0064,rh,t2b8,flat,Gsulc,0.89604,0.0752,1.3733,8,0.00434
OAS31001_ses-d0064,rh,t2b8,flat,Guni,0.89625,0.0758,1.3475,10,0.00401
OAS31001_ses-d0064,rh,unary,-,-,0.89584,0.0698,1.176,23,0.0
OAS31037_ses-d3295_run-01,lh,t0.5b1,gated,Gsulc,0.89716,0.0947,1.1483,7,0.0052
OAS31037_ses-d3295_run-01,lh,t0.5b1,gated,Guni,0.89688,0.1064,1.2662,2,0.00665
OAS31037_ses-d3295_run-01,lh,t0.5b1,flat,Gsulc,0.89737,0.0791,1.1135,2,0.00359
OAS31037_ses-d3295_run-01,lh,t0.5b1,flat,Guni,0.89726,0.08,1.1038,2,0.00354
OAS31037_ses-d3295_run-01,lh,t0.25b4,gated,Gsulc,0.89266,0.2016,1.8491,224,0.01015
OAS31037_ses-d3295_run-01,lh,t0.25b4,gated,Guni,0.89651,0.1271,1.3888,2,0.00998
OAS31037_ses-d3295_run-01,lh,t0.25b4,flat,Gsulc,0.89731,0.0774,1.0986,3,0.00371
OAS31037_ses-d3295_run-01,lh,t0.25b4,flat,Guni,0.89728,0.0775,1.0933,2,0.00355
OAS31037_ses-d3295_run-01,lh,t2b8,gated,Gsulc,0.89723,0.0954,1.1883,2,0.00667
OAS31037_ses-d3295_run-01,lh,t2b8,gated,Guni,0.89625,0.1088,1.2827,2,0.00875
OAS31037_ses-d3295_run-01,lh,t2b8,flat,Gsulc,0.89726,0.0775,1.1034,2,0.0037
OAS31037_ses-d3295_run-01,lh,t2b8,flat,Guni,0.89723,0.0775,1.0939,2,0.00357
OAS31037_ses-d3295_run-01,lh,unary,-,-,0.89706,0.0713,1.0902,8,0.0
OAS31037_ses-d3295_run-01,rh,t0.5b1,gated,Gsulc,0.8827,0.1169,1.7078,22,0.0052
OAS31037_ses-d3295_run-01,rh,t0.5b1,gated,Guni,0.88279,0.1284,1.6778,4,0.00702
OAS31037_ses-d3295_run-01,rh,t0.5b1,flat,Gsulc,0.88262,0.1046,1.6349,4,0.00376
OAS31037_ses-d3295_run-01,rh,t0.5b1,flat,Guni,0.88249,0.1046,1.6312,4,0.0036
OAS31037_ses-d3295_run-01,rh,t0.25b4,gated,Gsulc,0.87748,0.2363,2.3346,260,0.01124
OAS31037_ses-d3295_run-01,rh,t0.25b4,gated,Guni,0.8826,0.1564,1.7114,4,0.01076
OAS31037_ses-d3295_run-01,rh,t0.25b4,flat,Gsulc,0.8826,0.1046,1.64,4,0.00385
OAS31037_ses-d3295_run-01,rh,t0.25b4,flat,Guni,0.88249,0.1046,1.6312,4,0.0036
OAS31037_ses-d3295_run-01,rh,t2b8,gated,Gsulc,0.88315,0.1152,1.6612,4,0.00649
OAS31037_ses-d3295_run-01,rh,t2b8,gated,Guni,0.88324,0.1299,1.6618,5,0.00883
OAS31037_ses-d3295_run-01,rh,t2b8,flat,Gsulc,0.88266,0.1043,1.6325,4,0.00386
OAS31037_ses-d3295_run-01,rh,t2b8,flat,Guni,0.88253,0.1046,1.6298,4,0.00365
OAS31037_ses-d3295_run-01,rh,unary,-,-,0.88204,0.0982,1.5347,10,0.0
OAS31075_ses-d1199,lh,t0.5b1,gated,Gsulc,0.88122,0.1457,1.3304,7,0.00564
OAS31075_ses-d1199,lh,t0.5b1,gated,Guni,0.88153,0.1513,1.3753,3,0.0069
OAS31075_ses-d1199,lh,t0.5b1,flat,Gsulc,0.88114,0.1363,1.3177,3,0.00368
OAS31075_ses-d1199,lh,t0.5b1,flat,Guni,0.88114,0.1345,1.3097,3,0.00354
OAS31075_ses-d1199,lh,t0.25b4,gated,Gsulc,0.87662,0.2744,1.9454,204,0.01077
OAS31075_ses-d1199,lh,t0.25b4,gated,Guni,0.88071,0.1885,1.4029,3,0.00982
OAS31075_ses-d1199,lh,t0.25b4,flat,Gsulc,0.88117,0.1344,1.3595,3,0.00385
OAS31075_ses-d1199,lh,t0.25b4,flat,Guni,0.88114,0.1333,1.3455,3,0.00355
OAS31075_ses-d1199,lh,t2b8,gated,Gsulc,0.88154,0.145,1.4014,5,0.00727
OAS31075_ses-d1199,lh,t2b8,gated,Guni,0.88137,0.1495,1.4064,3,0.00923
OAS31075_ses-d1199,lh,t2b8,flat,Gsulc,0.88116,0.133,1.3693,3,0.00384
OAS31075_ses-d1199,lh,t2b8,flat,Guni,0.88114,0.1325,1.3617,3,0.00361
OAS31075_ses-d1199,lh,unary,-,-,0.88086,0.1247,1.2639,3,0.0
OAS31075_ses-d1199,rh,t0.5b1,gated,Gsulc,0.90851,0.1187,1.6836,3,0.00509
OAS31075_ses-d1199,rh,t0.5b1,gated,Guni,0.90804,0.1297,1.6647,1,0.00708
OAS31075_ses-d1199,rh,t0.5b1,flat,Gsulc,0.90786,0.1038,1.649,1,0.00323
OAS31075_ses-d1199,rh,t0.5b1,flat,Guni,0.90798,0.1043,1.6484,1,0.003
OAS31075_ses-d1199,rh,t0.25b4,gated,Gsulc,0.90328,0.2253,2.2484,212,0.01041
OAS31075_ses-d1199,rh,t0.25b4,gated,Guni,0.90686,0.1538,1.6897,1,0.01057
OAS31075_ses-d1199,rh,t0.25b4,flat,Gsulc,0.90807,0.1036,1.6447,2,0.00341
OAS31075_ses-d1199,rh,t0.25b4,flat,Guni,0.908,0.1039,1.6416,1,0.00301
OAS31075_ses-d1199,rh,t2b8,gated,Gsulc,0.90816,0.1192,1.6805,1,0.00693
OAS31075_ses-d1199,rh,t2b8,gated,Guni,0.90761,0.1315,1.6887,0,0.00901
OAS31075_ses-d1199,rh,t2b8,flat,Gsulc,0.90814,0.1036,1.6192,0,0.00344
OAS31075_ses-d1199,rh,t2b8,flat,Guni,0.90803,0.1038,1.6189,0,0.00309
OAS31075_ses-d1199,rh,unary,-,-,0.90654,0.1024,1.5173,5,0.0
OAS31114_ses-d0695_run-01,lh,t0.5b1,gated,Gsulc,0.88879,0.1323,1.8684,11,0.00494
OAS31114_ses-d0695_run-01,lh,t0.5b1,gated,Guni,0.88873,0.1474,1.9045,0,0.00639
OAS31114_ses-d0695_run-01,lh,t0.5b1,flat,Gsulc,0.88944,0.119,1.8285,0,0.0034
OAS31114_ses-d0695_run-01,lh,t0.5b1,flat,Guni,0.88934,0.1188,1.8168,0,0.00326
OAS31114_ses-d0695_run-01,lh,t0.25b4,gated,Gsulc,0.88506,0.2521,2.4421,219,0.01002
OAS31114_ses-d0695_run-01,lh,t0.25b4,gated,Guni,0.88837,0.1749,1.9978,0,0.00925
OAS31114_ses-d0695_run-01,lh,t0.25b4,flat,Gsulc,0.8896,0.1188,1.8611,0,0.00356
OAS31114_ses-d0695_run-01,lh,t0.25b4,flat,Guni,0.88936,0.118,1.8292,0,0.00331
OAS31114_ses-d0695_run-01,lh,t2b8,gated,Gsulc,0.88873,0.1375,1.9702,1,0.00703
OAS31114_ses-d0695_run-01,lh,t2b8,gated,Guni,0.88852,0.1509,1.9636,1,0.00874
OAS31114_ses-d0695_run-01,lh,t2b8,flat,Gsulc,0.88964,0.1174,1.9397,1,0.00385
OAS31114_ses-d0695_run-01,lh,t2b8,flat,Guni,0.88941,0.117,1.9344,1,0.00365
OAS31114_ses-d0695_run-01,lh,unary,-,-,0.88886,0.1138,1.6538,9,0.0
OAS31114_ses-d0695_run-01,rh,t0.5b1,gated,Gsulc,0.91126,0.1511,1.8205,4,0.00452
OAS31114_ses-d0695_run-01,rh,t0.5b1,gated,Guni,0.911,0.1676,1.785,0,0.00597
OAS31114_ses-d0695_run-01,rh,t0.5b1,flat,Gsulc,0.91018,0.1394,1.7872,0,0.00327
OAS31114_ses-d0695_run-01,rh,t0.5b1,flat,Guni,0.91034,0.1394,1.7872,0,0.0031
OAS31114_ses-d0695_run-01,rh,t0.25b4,gated,Gsulc,0.90705,0.2744,2.3418,261,0.00957
OAS31114_ses-d0695_run-01,rh,t0.25b4,gated,Guni,0.91132,0.2076,1.8209,0,0.00939
OAS31114_ses-d0695_run-01,rh,t0.25b4,flat,Gsulc,0.91012,0.1391,1.8098,1,0.00339
OAS31114_ses-d0695_run-01,rh,t0.25b4,flat,Guni,0.91034,0.1391,1.802,0,0.00312
OAS31114_ses-d0695_run-01,rh,t2b8,gated,Gsulc,0.91093,0.1481,1.9363,0,0.00629
OAS31114_ses-d0695_run-01,rh,t2b8,gated,Guni,0.9108,0.1621,1.969,0,0.00825
OAS31114_ses-d0695_run-01,rh,t2b8,flat,Gsulc,0.91024,0.1342,1.9362,0,0.0036
OAS31114_ses-d0695_run-01,rh,t2b8,flat,Guni,0.91045,0.1347,1.9396,0,0.00336
OAS31114_ses-d0695_run-01,rh,unary,-,-,0.91013,0.1373,1.702,2,0.0
