case,gscale,npair,r,mae,bias,sulcal,crown,spread,dice,gap_sulc,strays
OAS30001_ses-d0129_run-01.lh,0.0,75,0.6496,0.1679,0.0067,-0.067,0.0824,1.0956,0.9021,1.3085,0
OAS30001_ses-d0129_run-01.lh,0.2,75,0.6431,0.173,0.0025,-0.0747,0.0817,1.1002,0.90218,1.2901,0
OAS30001_ses-d0129_run-01.lh,0.4,75,0.6334,0.1737,0.0027,-0.076,0.0836,1.1013,0.90223,1.2303,1
OAS30001_ses-d0129_run-01.lh,0.6,75,0.6332,0.1735,0.0018,-0.0778,0.0836,1.1012,0.90233,1.2045,1
OAS30001_ses-d0129_run-01.lh,1.0,75,0.6372,0.1715,-0.0005,-0.0792,0.0803,1.0915,0.90231,1.211,0
OAS30001_ses-d0129_run-01.lh,1.5,75,0.6403,0.1702,-0.004,-0.0831,0.0773,1.0812,0.9023,1.2016,0
OAS30001_ses-d0129_run-01.lh,2.0,75,0.6479,0.1679,-0.0025,-0.0799,0.0771,1.0723,0.90235,1.1938,0
OAS30001_ses-d0129_run-01.lh,3.0,75,0.6356,0.1693,-0.0021,-0.0829,0.0809,1.0739,0.90233,1.2016,0
OAS30001_ses-d0129_run-01.rh,0.0,71,0.8671,0.1091,0.0305,0.0146,0.0469,1.122,0.91756,1.5304,1
OAS30001_ses-d0129_run-01.rh,0.2,72,0.8648,0.1119,0.0312,0.0253,0.037,1.1413,0.91743,1.5359,1
OAS30001_ses-d0129_run-01.rh,0.4,72,0.8664,0.11,0.0268,0.0177,0.0359,1.1319,0.91771,1.5434,1
OAS30001_ses-d0129_run-01.rh,0.6,73,0.8776,0.1086,0.0263,0.0174,0.0355,1.1221,0.91768,1.5431,1
OAS30001_ses-d0129_run-01.rh,1.0,74,0.8788,0.1051,0.0217,0.0117,0.0317,1.1034,0.91769,1.5328,1
OAS30001_ses-d0129_run-01.rh,1.5,73,0.876,0.1034,0.019,0.0076,0.0308,1.0938,0.91737,1.5328,1
OAS30001_ses-d0129_run-01.rh,2.0,73,0.8754,0.1039,0.0188,0.0066,0.0313,1.0921,0.9171,1.5351,1
OAS30001_ses-d0129_run-01.rh,3.0,73,0.8744,0.1024,0.016,0.0044,0.028,1.09,0.91728,1.513,1
OAS30063_ses-d0160_run-01.lh,0.0,72,0.7006,0.1636,-0.0027,-0.0332,0.0279,1.2236,0.83419,1.3898,4
OAS30063_ses-d0160_run-01.lh,0.2,72,0.7226,0.1596,-0.0074,-0.0336,0.0187,1.2344,0.83397,1.3679,4
OAS30063_ses-d0160_run-01.lh,0.4,72,0.7175,0.1618,-0.0088,-0.0362,0.0186,1.2354,0.83393,1.38,4
OAS30063_ses-d0160_run-01.lh,0.6,72,0.7167,0.162,-0.0085,-0.0366,0.0195,1.2347,0.83398,1.3754,4
OAS30063_ses-d0160_run-01.lh,1.0,72,0.7213,0.1606,-0.01,-0.0357,0.0158,1.2372,0.83385,1.3609,5
OAS30063_ses-d0160_run-01.lh,1.5,72,0.7271,0.1579,-0.0136,-0.0397,0.0126,1.2327,0.83419,1.3053,5
OAS30063_ses-d0160_run-01.lh,2.0,72,0.723,0.1585,-0.0156,-0.0432,0.0119,1.2209,0.83403,1.2969,5
OAS30063_ses-d0160_run-01.lh,3.0,72,0.7226,0.1591,-0.0167,-0.045,0.0117,1.2219,0.83407,1.2811,5
OAS30063_ses-d0160_run-01.rh,0.0,70,0.5148,0.1809,0.0147,-0.0772,0.1066,1.0398,0.83047,1.2562,8
OAS30063_ses-d0160_run-01.rh,0.2,70,0.4969,0.184,0.0064,-0.0878,0.1006,1.0492,0.83074,1.1944,8
OAS30063_ses-d0160_run-01.rh,0.4,70,0.494,0.1839,0.0038,-0.0905,0.0981,1.0452,0.83087,1.1774,8
OAS30063_ses-d0160_run-01.rh,0.6,70,0.4954,0.1833,0.0008,-0.0934,0.0951,1.0448,0.8309,1.1812,8
OAS30063_ses-d0160_run-01.rh,1.0,70,0.495,0.1821,-0.0006,-0.0954,0.0942,1.0382,0.83066,1.1719,8
OAS30063_ses-d0160_run-01.rh,1.5,70,0.4944,0.183,-0.0029,-0.0984,0.0926,1.0389,0.8305,1.1894,8
OAS30063_ses-d0160_run-01.rh,2.0,70,0.4938,0.1823,-0.0034,-0.0986,0.0919,1.0384,0.83048,1.189,8
OAS30063_ses-d0160_run-01.rh,3.0,70,0.4875,0.1829,-0.0055,-0.1018,0.0908,1.0339,0.83026,1.1812,8
OAS30100_ses-d0158.lh,0.0,76,0.7337,0.1599,0.0543,0.043,0.0657,1.125,0.85665,1.2647,4
OAS30100_ses-d0158.lh,0.2,76,0.7331,0.1588,0.0486,0.0357,0.0614,1.1204,0.85711,1.281,5
OAS30100_ses-d0158.lh,0.4,76,0.7334,0.1576,0.046,0.0321,0.0599,1.1139,0.85704,1.22,6
OAS30100_ses-d0158.lh,0.6,76,0.7314,0.157,0.0471,0.0316,0.0626,1.1068,0.85705,1.2195,6
OAS30100_ses-d0158.lh,1.0,76,0.7366,0.1561,0.0453,0.0315,0.059,1.1053,0.85666,1.2037,6
OAS30100_ses-d0158.lh,1.5,76,0.7424,0.1544,0.0429,0.0301,0.0556,1.1029,0.85641,1.2315,6
OAS30100_ses-d0158.lh,2.0,76,0.7436,0.1516,0.0399,0.0279,0.0519,1.1037,0.85637,1.236,6
OAS30100_ses-d0158.lh,3.0,76,0.7381,0.1511,0.0354,0.0186,0.0522,1.0941,0.8558,1.2625,6
OAS30100_ses-d0158.rh,0.0,77,0.6575,0.167,0.0315,-0.0035,0.0675,1.0603,0.8942,1.4398,5
OAS30100_ses-d0158.rh,0.2,77,0.6458,0.1725,0.0233,-0.0101,0.0576,1.0723,0.89495,1.4224,5
OAS30100_ses-d0158.rh,0.4,77,0.6443,0.1725,0.0234,-0.0098,0.0575,1.0714,0.895,1.4194,5
OAS30100_ses-d0158.rh,0.6,77,0.6501,0.1724,0.0218,-0.011,0.0554,1.0707,0.89515,1.4243,5
OAS30100_ses-d0158.rh,1.0,77,0.6505,0.1727,0.0218,-0.0108,0.0554,1.0699,0.89511,1.4145,5
OAS30100_ses-d0158.rh,1.5,77,0.6447,0.1743,0.0205,-0.0139,0.0557,1.0651,0.89496,1.4092,5
OAS30100_ses-d0158.rh,2.0,77,0.6478,0.1726,0.015,-0.0205,0.0515,1.0542,0.89529,1.4047,5
OAS30100_ses-d0158.rh,3.0,77,0.6582,0.1717,0.0111,-0.0238,0.047,1.0509,0.89534,1.4047,5
OAS30135_ses-d0190.lh,0.0,75,0.7394,0.1607,0.0552,0.0089,0.1028,1.1006,0.89099,1.4561,0
OAS30135_ses-d0190.lh,0.2,75,0.7193,0.1628,0.0439,-0.0048,0.0938,1.1134,0.89131,1.3998,0
OAS30135_ses-d0190.lh,0.4,75,0.7209,0.1598,0.0415,-0.0072,0.0915,1.1131,0.89145,1.449,0
OAS30135_ses-d0190.lh,0.6,75,0.7235,0.159,0.0387,-0.0132,0.0919,1.0992,0.89159,1.4492,0
OAS30135_ses-d0190.lh,1.0,75,0.7226,0.1587,0.0369,-0.0155,0.0908,1.0978,0.8918,1.4459,1
OAS30135_ses-d0190.lh,1.5,75,0.725,0.1574,0.0344,-0.021,0.0912,1.0794,0.892,1.4452,1
OAS30135_ses-d0190.lh,2.0,75,0.7242,0.1559,0.0338,-0.0197,0.0887,1.0848,0.8921,1.4525,1
OAS30135_ses-d0190.lh,3.0,75,0.724,0.1556,0.033,-0.0208,0.0883,1.0811,0.89217,1.4484,1
OAS30135_ses-d0190.rh,0.0,73,0.7769,0.148,0.0207,-0.0291,0.072,0.9712,0.89419,1.2497,7
OAS30135_ses-d0190.rh,0.2,73,0.7715,0.1492,0.0163,-0.0339,0.0678,0.967,0.89464,1.2308,7
OAS30135_ses-d0190.rh,0.4,73,0.772,0.1487,0.0153,-0.0353,0.0674,0.9662,0.89493,1.2304,7
OAS30135_ses-d0190.rh,0.6,73,0.7648,0.1495,0.0143,-0.0368,0.0669,0.9669,0.89497,1.2406,7
OAS30135_ses-d0190.rh,1.0,73,0.7663,0.1491,0.0135,-0.0366,0.0649,0.9647,0.8954,1.2301,7
OAS30135_ses-d0190.rh,1.5,73,0.773,0.1478,0.0113,-0.0385,0.0624,0.9639,0.89555,1.2153,7
OAS30135_ses-d0190.rh,2.0,73,0.7732,0.148,0.0126,-0.039,0.0656,0.9606,0.89549,1.2038,7
OAS30135_ses-d0190.rh,3.0,73,0.7703,0.148,0.0112,-0.0413,0.0652,0.9586,0.89583,1.1962,7
OAS30174_ses-d0582_run-01.lh,0.0,76,0.8214,0.1426,0.0554,0.0221,0.0886,1.015,0.90482,1.5987,1
OAS30174_ses-d0582_run-01.lh,0.2,75,0.8298,0.1338,0.0369,0.0055,0.0692,1.0177,0.90483,1.5527,1
OAS30174_ses-d0582_run-01.lh,0.4,75,0.8243,0.1345,0.0371,0.0043,0.0708,1.0175,0.90475,1.5519,1
OAS30174_ses-d0582_run-01.lh,0.6,75,0.8284,0.1341,0.0386,0.0076,0.0705,1.0175,0.90461,1.547,1
OAS30174_ses-d0582_run-01.lh,1.0,75,0.8324,0.1327,0.037,0.0058,0.0692,1.0119,0.90449,1.5435,1
OAS30174_ses-d0582_run-01.lh,1.5,75,0.8404,0.1305,0.0345,0.0045,0.0652,1.0055,0.90469,1.5435,1
OAS30174_ses-d0582_run-01.lh,2.0,75,0.8383,0.1306,0.0334,0.0024,0.0652,1.0037,0.90457,1.5398,1
OAS30174_ses-d0582_run-01.lh,3.0,75,0.8431,0.1286,0.0307,-0.0003,0.0625,0.9981,0.90457,1.5201,1
OAS30174_ses-d0582_run-01.rh,0.0,76,0.7669,0.1539,0.0404,0.0159,0.0649,1.1134,0.9059,1.8089,3
OAS30174_ses-d0582_run-01.rh,0.2,76,0.7716,0.1557,0.0295,0.0111,0.0478,1.1324,0.9064,1.742,3
OAS30174_ses-d0582_run-01.rh,0.4,77,0.7667,0.1584,0.0237,-0.0003,0.0483,1.0967,0.90668,1.753,3
OAS30174_ses-d0582_run-01.rh,0.6,77,0.7662,0.1586,0.0224,-0.0021,0.0476,1.0946,0.90674,1.7727,3
OAS30174_ses-d0582_run-01.rh,1.0,77,0.7686,0.1575,0.0196,-0.0064,0.0464,1.0922,0.90695,1.7452,3
OAS30174_ses-d0582_run-01.rh,1.5,77,0.7674,0.1582,0.0191,-0.0076,0.0465,1.0908,0.90698,1.7337,3
OAS30174_ses-d0582_run-01.rh,2.0,77,0.7661,0.1577,0.019,-0.0091,0.048,1.0851,0.90704,1.7274,3
OAS30174_ses-d0582_run-01.rh,3.0,77,0.7682,0.1559,0.0186,-0.0094,0.0473,1.0857,0.90712,1.7357,3
OAS30212_ses-d0091_run-01.lh,0.0,73,0.807,0.1196,0.0169,-0.0085,0.043,1.0408,0.89264,1.6331,6
OAS30212_ses-d0091_run-01.lh,0.2,73,0.8135,0.1149,0.0152,-0.0051,0.0361,1.0521,0.893,1.6347,6
OAS30212_ses-d0091_run-01.lh,0.4,73,0.8152,0.1129,0.0104,-0.0115,0.0329,1.0452,0.89333,1.6155,6
OAS30212_ses-d0091_run-01.lh,0.6,73,0.8162,0.1123,0.0096,-0.0134,0.0333,1.0425,0.89327,1.616,6
OAS30212_ses-d0091_run-01.lh,1.0,73,0.8183,0.1121,0.0089,-0.0127,0.0312,1.0442,0.8934,1.6191,6
OAS30212_ses-d0091_run-01.lh,1.5,73,0.8196,0.1103,0.0067,-0.015,0.029,1.0399,0.89345,1.5954,6
OAS30212_ses-d0091_run-01.lh,2.0,73,0.8217,0.1089,0.0051,-0.0181,0.0291,1.0344,0.8936,1.5956,6
OAS30212_ses-d0091_run-01.lh,3.0,73,0.8215,0.1072,0.0023,-0.0207,0.026,1.0327,0.89361,1.5774,6
OAS30212_ses-d0091_run-01.rh,0.0,74,0.7156,0.1472,0.0165,-0.0496,0.0826,0.9827,0.89218,1.923,4
OAS30212_ses-d0091_run-01.rh,0.2,74,0.7078,0.1484,0.0057,-0.0569,0.0683,0.9914,0.89228,1.9017,4
OAS30212_ses-d0091_run-01.rh,0.4,74,0.704,0.1491,0.0044,-0.0609,0.0697,0.9782,0.89227,1.8898,4
OAS30212_ses-d0091_run-01.rh,0.6,74,0.7015,0.1493,0.0015,-0.0663,0.0692,0.9708,0.89231,1.887,4
OAS30212_ses-d0091_run-01.rh,1.0,74,0.7054,0.1474,0.0006,-0.0685,0.0697,0.9669,0.89248,1.8711,4
OAS30212_ses-d0091_run-01.rh,1.5,74,0.7055,0.1469,-0.0006,-0.0706,0.0693,0.9638,0.89236,1.8375,4
OAS30212_ses-d0091_run-01.rh,2.0,74,0.7088,0.1469,-0.002,-0.0713,0.0673,0.9739,0.89227,1.8374,4
OAS30212_ses-d0091_run-01.rh,3.0,74,0.7093,0.1461,-0.0034,-0.0726,0.0659,0.9721,0.89217,1.8144,4
OAS30246_ses-d0119_run-01.lh,0.0,77,0.7726,0.1369,-0.0058,-0.04,0.0294,1.1362,0.90192,1.483,2
OAS30246_ses-d0119_run-01.lh,0.2,77,0.77,0.1375,-0.0142,-0.0478,0.0202,1.1449,0.90211,1.4561,2
OAS30246_ses-d0119_run-01.lh,0.4,77,0.7657,0.1397,-0.0138,-0.0472,0.0205,1.1491,0.90197,1.4453,2
OAS30246_ses-d0119_run-01.lh,0.6,77,0.7688,0.1382,-0.0147,-0.0468,0.0183,1.15,0.90205,1.4454,2
OAS30246_ses-d0119_run-01.lh,1.0,77,0.7753,0.1348,-0.0187,-0.0523,0.0157,1.1503,0.90213,1.4542,2
OAS30246_ses-d0119_run-01.lh,1.5,77,0.777,0.134,-0.0197,-0.0531,0.0146,1.1464,0.90235,1.449,2
OAS30246_ses-d0119_run-01.lh,2.0,77,0.7778,0.1341,-0.0215,-0.055,0.0129,1.142,0.90242,1.4454,2
OAS30246_ses-d0119_run-01.lh,3.0,77,0.7747,0.1342,-0.0236,-0.0596,0.0134,1.1344,0.90227,1.4455,2
OAS30246_ses-d0119_run-01.rh,0.0,75,0.7708,0.1368,-0.012,-0.0314,0.008,1.0947,0.88349,2.1268,4
OAS30246_ses-d0119_run-01.rh,0.2,75,0.7737,0.1392,-0.0147,-0.0329,0.004,1.1053,0.88366,2.0997,4
OAS30246_ses-d0119_run-01.rh,0.4,75,0.7768,0.1377,-0.0167,-0.0341,0.0012,1.1028,0.88387,2.0877,4
OAS30246_ses-d0119_run-01.rh,0.6,75,0.7775,0.1376,-0.017,-0.0343,0.0007,1.1036,0.88394,2.0845,4
OAS30246_ses-d0119_run-01.rh,1.0,75,0.7755,0.1368,-0.0199,-0.0413,0.002,1.0939,0.88398,2.0856,4
OAS30246_ses-d0119_run-01.rh,1.5,75,0.7985,0.1327,-0.025,-0.0444,-0.005,1.0716,0.88403,2.1073,4
OAS30246_ses-d0119_run-01.rh,2.0,75,0.795,0.1343,-0.0275,-0.0491,-0.0052,1.064,0.88407,2.088,4
OAS30246_ses-d0119_run-01.rh,3.0,76,0.7266,0.1433,-0.0149,-0.051,0.0213,1.0835,0.88418,2.0852,4
OAS30283_ses-d0064_run-01.lh,0.0,74,0.8034,0.1397,0.0164,-0.0,0.0327,1.1995,0.89763,1.7207,1
OAS30283_ses-d0064_run-01.lh,0.2,74,0.8048,0.1371,0.0116,-0.0032,0.0264,1.2087,0.89784,1.7073,1
OAS30283_ses-d0064_run-01.lh,0.4,74,0.8039,0.1379,0.0092,-0.0062,0.0246,1.2092,0.89813,1.6806,1
OAS30283_ses-d0064_run-01.lh,0.6,75,0.7997,0.1379,0.0109,-0.0084,0.0308,1.2054,0.89813,1.7002,1
OAS30283_ses-d0064_run-01.lh,1.0,75,0.8023,0.1381,0.0092,-0.0104,0.0293,1.1909,0.89834,1.7102,1
OAS30283_ses-d0064_run-01.lh,1.5,75,0.8036,0.1369,0.0086,-0.0113,0.0289,1.1889,0.89828,1.6917,1
OAS30283_ses-d0064_run-01.lh,2.0,75,0.8088,0.134,0.0064,-0.0126,0.026,1.1823,0.89838,1.6917,1
OAS30283_ses-d0064_run-01.lh,3.0,75,0.8178,0.1285,0.0017,-0.0222,0.0263,1.1475,0.89874,1.7087,1
OAS30283_ses-d0064_run-01.rh,0.0,74,0.8087,0.1442,0.0323,0.0197,0.045,1.0818,0.89621,1.6931,2
OAS30283_ses-d0064_run-01.rh,0.2,74,0.7912,0.1464,0.028,0.0186,0.0375,1.1078,0.89634,1.6963,2
OAS30283_ses-d0064_run-01.rh,0.4,74,0.7916,0.1474,0.0269,0.0186,0.0352,1.1065,0.8966,1.693,2
OAS30283_ses-d0064_run-01.rh,0.6,74,0.7942,0.1458,0.027,0.0186,0.0354,1.1063,0.89663,1.6877,2
OAS30283_ses-d0064_run-01.rh,1.0,74,0.7968,0.1437,0.0257,0.0177,0.0338,1.1048,0.89664,1.6787,2
OAS30283_ses-d0064_run-01.rh,1.5,74,0.7971,0.1435,0.0247,0.0164,0.033,1.1042,0.89656,1.691,2
OAS30283_ses-d0064_run-01.rh,2.0,74,0.7971,0.1425,0.0242,0.0159,0.0325,1.1049,0.89669,1.6868,2
OAS30283_ses-d0064_run-01.rh,3.0,74,0.7944,0.142,0.024,0.0156,0.0324,1.0982,0.89681,1.6867,3
OAS30318_ses-d2975.lh,0.0,79,0.6436,0.1606,0.0241,-0.0186,0.0679,1.2179,0.87393,1.7572,7
OAS30318_ses-d2975.lh,0.2,79,0.6411,0.1595,0.0205,-0.0263,0.0684,1.2112,0.87456,1.7756,7
OAS30318_ses-d2975.lh,0.4,79,0.639,0.1605,0.0208,-0.0258,0.0687,1.2151,0.87474,1.7864,7
OAS30318_ses-d2975.lh,0.6,78,0.6316,0.1625,0.018,-0.0361,0.0721,1.2149,0.87482,1.7637,7
OAS30318_ses-d2975.lh,1.0,78,0.6317,0.1621,0.0142,-0.04,0.0684,1.2138,0.87484,1.7755,7
OAS30318_ses-d2975.lh,1.5,78,0.625,0.1631,0.0085,-0.0487,0.0657,1.2036,0.87496,1.763,7
OAS30318_ses-d2975.lh,2.0,78,0.6221,0.1643,0.0071,-0.0515,0.0658,1.2006,0.87494,1.7619,7
OAS30318_ses-d2975.lh,3.0,78,0.6191,0.1643,0.0036,-0.0599,0.0672,1.1818,0.87499,1.7509,7
OAS30318_ses-d2975.rh,0.0,75,0.7264,0.1496,0.0097,-0.061,0.0823,1.0296,0.88303,1.6106,3
OAS30318_ses-d2975.rh,0.2,75,0.7267,0.1506,0.0061,-0.0607,0.0747,1.0328,0.88361,1.6056,3
OAS30318_ses-d2975.rh,0.4,75,0.7305,0.1491,0.006,-0.0595,0.0732,1.0339,0.88351,1.6201,3
OAS30318_ses-d2975.rh,0.6,75,0.735,0.1486,0.0074,-0.0556,0.072,1.0389,0.88366,1.6201,3
OAS30318_ses-d2975.rh,1.0,76,0.7341,0.1493,0.0087,-0.0479,0.0654,1.0498,0.88377,1.6076,3
OAS30318_ses-d2975.rh,1.5,76,0.7335,0.15,0.0067,-0.0502,0.0635,1.0486,0.88372,1.578,3
OAS30318_ses-d2975.rh,2.0,76,0.7315,0.1504,0.0045,-0.0547,0.0637,1.0368,0.8838,1.5764,3
OAS30318_ses-d2975.rh,3.0,76,0.7428,0.1485,0.0018,-0.0562,0.0597,1.0293,0.8838,1.5706,3
OAS30355_ses-d0048.lh,0.0,76,0.7652,0.1404,0.0333,-0.0035,0.0702,1.0317,0.90091,2.0246,1
OAS30355_ses-d0048.lh,0.2,77,0.756,0.1422,0.0337,-0.0054,0.0738,1.0144,0.90183,1.9644,1
OAS30355_ses-d0048.lh,0.4,77,0.7739,0.1387,0.0285,-0.0086,0.0666,1.007,0.90203,1.9283,1
OAS30355_ses-d0048.lh,0.6,77,0.7779,0.1369,0.0276,-0.0115,0.0678,1.0028,0.90223,1.9272,1
OAS30355_ses-d0048.lh,1.0,77,0.7712,0.1393,0.028,-0.0088,0.0658,1.0207,0.90215,1.925,1
OAS30355_ses-d0048.lh,1.5,77,0.7716,0.1387,0.0255,-0.0125,0.0645,1.0154,0.9021,1.9252,1
OAS30355_ses-d0048.lh,2.0,77,0.772,0.1383,0.0248,-0.0138,0.0643,1.0138,0.90218,1.9233,1
OAS30355_ses-d0048.lh,3.0,77,0.7634,0.1397,0.0213,-0.0207,0.0645,1.007,0.90228,1.9197,1
OAS30355_ses-d0048.rh,0.0,77,0.7492,0.1519,0.0135,-0.0456,0.0741,0.9956,0.89905,1.8514,1
OAS30355_ses-d0048.rh,0.2,77,0.7524,0.1489,0.0028,-0.0522,0.0593,1.009,0.8991,1.8511,1
OAS30355_ses-d0048.rh,0.4,77,0.7463,0.151,-0.0018,-0.0603,0.0582,1.0065,0.89909,1.838,0
OAS30355_ses-d0048.rh,0.6,77,0.7458,0.1521,-0.0012,-0.0609,0.0602,1.0059,0.89891,1.8481,0
OAS30355_ses-d0048.rh,1.0,77,0.7406,0.156,-0.002,-0.0643,0.0619,1.0068,0.8988,1.8161,2
OAS30355_ses-d0048.rh,1.5,77,0.7364,0.1578,-0.0016,-0.0651,0.0636,1.0091,0.89888,1.8023,3
OAS30355_ses-d0048.rh,2.0,77,0.7365,0.1573,-0.0028,-0.0677,0.0638,1.005,0.89883,1.8086,3
OAS30355_ses-d0048.rh,3.0,77,0.7409,0.155,-0.0058,-0.0697,0.0599,0.9931,0.89895,1.8021,3
OAS30393_ses-d7726_run-01.lh,0.0,76,0.7521,0.1415,0.0411,0.0071,0.0752,0.9682,0.90335,1.3934,2
OAS30393_ses-d7726_run-01.lh,0.2,76,0.7829,0.1412,0.0322,0.0042,0.0601,0.9867,0.90321,1.3934,3
OAS30393_ses-d7726_run-01.lh,0.4,76,0.7819,0.1397,0.0294,0.0029,0.0559,0.9869,0.90335,1.3828,3
OAS30393_ses-d7726_run-01.lh,0.6,77,0.7839,0.138,0.0288,-0.0002,0.0585,0.9803,0.90349,1.3743,3
OAS30393_ses-d7726_run-01.lh,1.0,77,0.7827,0.1363,0.0233,-0.008,0.0555,0.9729,0.9034,1.3934,3
OAS30393_ses-d7726_run-01.lh,1.5,77,0.7818,0.137,0.022,-0.0091,0.0538,0.9773,0.90372,1.4042,3
OAS30393_ses-d7726_run-01.lh,2.0,77,0.7815,0.137,0.0214,-0.01,0.0536,0.9758,0.90357,1.3934,3
OAS30393_ses-d7726_run-01.lh,3.0,77,0.7814,0.1366,0.0179,-0.015,0.0517,0.9668,0.90349,1.3864,3
OAS30393_ses-d7726_run-01.rh,0.0,76,0.7064,0.1554,0.0039,-0.0323,0.0401,1.1189,0.90517,1.3464,4
OAS30393_ses-d7726_run-01.rh,0.2,75,0.6815,0.1618,-0.0043,-0.0366,0.029,1.1581,0.90533,1.3473,3
OAS30393_ses-d7726_run-01.rh,0.4,75,0.6663,0.162,-0.0103,-0.0432,0.0234,1.1485,0.90518,1.324,3
OAS30393_ses-d7726_run-01.rh,0.6,75,0.6486,0.1625,-0.0162,-0.052,0.0205,1.142,0.9052,1.3065,3
OAS30393_ses-d7726_run-01.rh,1.0,75,0.6434,0.1619,-0.0188,-0.0539,0.0173,1.139,0.90541,1.2806,4
OAS30393_ses-d7726_run-01.rh,1.5,75,0.6422,0.1617,-0.0191,-0.0531,0.0159,1.1371,0.90535,1.264,4
OAS30393_ses-d7726_run-01.rh,2.0,75,0.642,0.1612,-0.0198,-0.054,0.0154,1.1358,0.9054,1.2738,4
OAS30393_ses-d7726_run-01.rh,3.0,75,0.644,0.1591,-0.018,-0.054,0.0189,1.131,0.90532,1.2751,4
OAS30432_ses-d0100.lh,0.0,75,0.7816,0.1279,-0.0265,-0.0776,0.026,1.0315,0.906,1.0568,5
OAS30432_ses-d0100.lh,0.2,75,0.7878,0.1272,-0.0307,-0.0812,0.0213,1.0417,0.90607,1.0784,5
OAS30432_ses-d0100.lh,0.4,75,0.7852,0.1286,-0.0344,-0.086,0.0187,1.0347,0.90589,1.0597,5
OAS30432_ses-d0100.lh,0.6,75,0.7832,0.1296,-0.0327,-0.0855,0.0215,1.0322,0.90585,1.0567,5
OAS30432_ses-d0100.lh,1.0,75,0.7887,0.1281,-0.037,-0.0885,0.016,1.0229,0.90585,1.0566,5
OAS30432_ses-d0100.lh,1.5,75,0.788,0.1291,-0.0389,-0.0912,0.0149,1.0216,0.90583,1.0565,5
OAS30432_ses-d0100.lh,2.0,75,0.7884,0.1299,-0.0411,-0.0934,0.0127,1.0209,0.90574,1.0531,5
OAS30432_ses-d0100.lh,3.0,75,0.79,0.128,-0.043,-0.0967,0.0123,1.013,0.90582,1.0521,5
OAS30432_ses-d0100.rh,0.0,74,0.745,0.1437,0.0144,-0.0559,0.0848,0.8995,0.8991,1.8493,4
OAS30432_ses-d0100.rh,0.2,74,0.7409,0.1464,0.011,-0.0582,0.0802,0.9232,0.89953,1.822,4
OAS30432_ses-d0100.rh,0.4,74,0.7353,0.1495,0.008,-0.0631,0.0791,0.9232,0.89937,1.7862,4
OAS30432_ses-d0100.rh,0.6,74,0.7347,0.1495,0.0067,-0.0646,0.0781,0.9226,0.89938,1.7704,4
OAS30432_ses-d0100.rh,1.0,74,0.7383,0.1487,0.0021,-0.0689,0.0731,0.9167,0.89903,1.773,3
OAS30432_ses-d0100.rh,1.5,74,0.7378,0.1469,-0.0026,-0.0755,0.0703,0.9017,0.89895,1.7662,3
OAS30432_ses-d0100.rh,2.0,74,0.7355,0.1475,-0.0032,-0.0774,0.0711,0.8991,0.89904,1.7655,3
OAS30432_ses-d0100.rh,3.0,74,0.751,0.1451,-0.0065,-0.0788,0.0659,0.8883,0.8991,1.7662,3
OAS30474_ses-d0069_run-01.lh,0.0,74,0.7794,0.1514,-0.0087,-0.0107,-0.0067,1.2611,0.90381,1.8628,3
OAS30474_ses-d0069_run-01.lh,0.2,74,0.7807,0.1527,-0.0139,-0.0115,-0.0163,1.2595,0.90434,1.8534,3
OAS30474_ses-d0069_run-01.lh,0.4,74,0.7872,0.1514,-0.0143,-0.0101,-0.0186,1.2676,0.90434,1.8743,3
OAS30474_ses-d0069_run-01.lh,0.6,75,0.7804,0.154,-0.0099,-0.019,-0.0005,1.2724,0.90442,1.8728,3
OAS30474_ses-d0069_run-01.lh,1.0,75,0.7763,0.1539,-0.0143,-0.0255,-0.0028,1.2679,0.90426,1.8477,3
OAS30474_ses-d0069_run-01.lh,1.5,75,0.7772,0.1541,-0.0146,-0.0255,-0.0034,1.271,0.90423,1.839,3
OAS30474_ses-d0069_run-01.lh,2.0,75,0.7758,0.1543,-0.0164,-0.028,-0.0045,1.2622,0.90423,1.8306,3
OAS30474_ses-d0069_run-01.lh,3.0,75,0.7747,0.1528,-0.0193,-0.0334,-0.0047,1.2538,0.90416,1.8307,3
OAS30474_ses-d0069_run-01.rh,0.0,75,0.8367,0.1213,0.0411,0.03,0.0525,1.0862,0.90983,1.7685,1
OAS30474_ses-d0069_run-01.rh,0.2,76,0.8311,0.1216,0.0304,0.0265,0.0343,1.1068,0.90987,1.7639,1
OAS30474_ses-d0069_run-01.rh,0.4,76,0.8329,0.1198,0.0274,0.0224,0.0325,1.0964,0.90988,1.7583,1
OAS30474_ses-d0069_run-01.rh,0.6,76,0.8336,0.1189,0.0258,0.0191,0.0325,1.0941,0.91006,1.7645,1
OAS30474_ses-d0069_run-01.rh,1.0,76,0.8331,0.119,0.0229,0.015,0.0309,1.089,0.90996,1.7447,2
OAS30474_ses-d0069_run-01.rh,1.5,76,0.8346,0.1178,0.0207,0.0118,0.0297,1.0839,0.90991,1.7583,2
OAS30474_ses-d0069_run-01.rh,2.0,76,0.8327,0.1197,0.0214,0.0126,0.0301,1.0853,0.91007,1.7583,2
OAS30474_ses-d0069_run-01.rh,3.0,76,0.8314,0.1205,0.0206,0.0097,0.0316,1.0817,0.91009,1.7583,2
OAS30513_ses-d0119.lh,0.0,75,0.835,0.1227,-0.0195,-0.0545,0.0164,1.0204,0.9122,1.3435,3
OAS30513_ses-d0119.lh,0.2,76,0.8202,0.1248,-0.0306,-0.0655,0.0042,1.0389,0.91198,1.2693,3
OAS30513_ses-d0119.lh,0.4,76,0.8212,0.1249,-0.031,-0.064,0.002,1.0398,0.91186,1.2692,3
OAS30513_ses-d0119.lh,0.6,76,0.8229,0.1249,-0.0332,-0.0669,0.0006,1.037,0.9119,1.276,3
OAS30513_ses-d0119.lh,1.0,76,0.824,0.1245,-0.0341,-0.0699,0.0017,1.0352,0.91199,1.2639,3
OAS30513_ses-d0119.lh,1.5,76,0.8229,0.1252,-0.0325,-0.0678,0.0028,1.0357,0.91205,1.2793,3
OAS30513_ses-d0119.lh,2.0,76,0.8274,0.1225,-0.0341,-0.0691,0.001,1.0281,0.91196,1.2682,4
OAS30513_ses-d0119.lh,3.0,76,0.8262,0.1228,-0.0356,-0.0724,0.0012,1.0229,0.91182,1.2577,4
OAS30513_ses-d0119.rh,0.0,74,0.8058,0.1327,0.0063,0.0282,-0.0156,1.2563,0.90037,1.5878,5
OAS30513_ses-d0119.rh,0.2,74,0.7959,0.1362,0.0018,0.0202,-0.0167,1.2606,0.89978,1.535,5
OAS30513_ses-d0119.rh,0.4,74,0.8006,0.1352,0.0007,0.0199,-0.0185,1.2572,0.89989,1.5614,5
OAS30513_ses-d0119.rh,0.6,74,0.7935,0.137,-0.0053,0.0121,-0.0227,1.2514,0.89969,1.5834,5
OAS30513_ses-d0119.rh,1.0,74,0.7947,0.1363,-0.0043,0.0115,-0.0202,1.2483,0.89967,1.5872,5
OAS30513_ses-d0119.rh,1.5,74,0.7889,0.1365,-0.0075,0.0058,-0.0208,1.2383,0.89975,1.5628,5
OAS30513_ses-d0119.rh,2.0,74,0.7893,0.1338,-0.0114,-0.0009,-0.0219,1.2237,0.89974,1.5608,5
OAS30513_ses-d0119.rh,3.0,74,0.7907,0.1315,-0.0142,-0.006,-0.0225,1.2134,0.89968,1.555,5
OAS30551_ses-d0104.lh,0.0,72,0.8371,0.1212,0.0002,-0.0458,0.0462,0.9158,0.90901,1.7794,3
OAS30551_ses-d0104.lh,0.2,73,0.832,0.1224,-0.0002,-0.0471,0.0481,0.9199,0.90948,1.7956,3
OAS30551_ses-d0104.lh,0.4,73,0.8347,0.1211,-0.0019,-0.0492,0.0467,0.918,0.90963,1.8141,3
OAS30551_ses-d0104.lh,0.6,73,0.8352,0.12,-0.0027,-0.0502,0.046,0.9158,0.90938,1.7883,3
OAS30551_ses-d0104.lh,1.0,73,0.8371,0.1188,-0.006,-0.0571,0.0465,0.8975,0.90937,1.7883,3
OAS30551_ses-d0104.lh,1.5,73,0.8383,0.1174,-0.0073,-0.0585,0.0453,0.8958,0.90949,1.7775,3
OAS30551_ses-d0104.lh,2.0,73,0.837,0.118,-0.0098,-0.0636,0.0455,0.8895,0.90945,1.7699,3
OAS30551_ses-d0104.lh,3.0,74,0.8365,0.1164,-0.0114,-0.0636,0.0409,0.8929,0.90941,1.7552,3
OAS30551_ses-d0104.rh,0.0,72,0.7782,0.1376,-0.0152,-0.0558,0.0253,0.9959,0.89991,1.7885,3
OAS30551_ses-d0104.rh,0.2,72,0.7753,0.1394,-0.0194,-0.0548,0.016,1.0112,0.90042,1.7671,3
OAS30551_ses-d0104.rh,0.4,72,0.7791,0.1374,-0.0206,-0.0551,0.0139,1.0111,0.90037,1.7214,3
OAS30551_ses-d0104.rh,0.6,72,0.7804,0.1382,-0.023,-0.0588,0.0127,1.0019,0.90051,1.7215,3
OAS30551_ses-d0104.rh,1.0,72,0.7783,0.1394,-0.0254,-0.0639,0.0131,0.9995,0.90056,1.7214,3
OAS30551_ses-d0104.rh,1.5,72,0.7781,0.1394,-0.0271,-0.0672,0.0131,0.9968,0.90042,1.7669,3
OAS30551_ses-d0104.rh,2.0,72,0.783,0.1374,-0.0295,-0.0699,0.0109,0.9876,0.90038,1.7214,3
OAS30551_ses-d0104.rh,3.0,72,0.7829,0.1375,-0.0312,-0.0725,0.0101,0.9835,0.90039,1.7095,3
OAS30587_ses-d4511.lh,0.0,77,0.7581,0.1314,0.0163,-0.0276,0.0614,1.0308,0.87885,1.0348,5
OAS30587_ses-d4511.lh,0.2,77,0.7637,0.1316,0.0051,-0.0307,0.0419,1.0643,0.87923,0.9994,5
OAS30587_ses-d4511.lh,0.4,77,0.7614,0.133,0.0047,-0.0323,0.0426,1.0601,0.87917,1.0244,5
OAS30587_ses-d4511.lh,0.6,77,0.7584,0.132,0.0024,-0.0367,0.0424,1.0503,0.87921,1.0272,5
OAS30587_ses-d4511.lh,1.0,77,0.7587,0.1314,0.0016,-0.0373,0.0415,1.0481,0.87919,1.0244,5
OAS30587_ses-d4511.lh,1.5,77,0.761,0.13,-0.0013,-0.0431,0.0416,1.0313,0.87912,0.9738,5
OAS30587_ses-d4511.lh,2.0,77,0.7584,0.1311,-0.0031,-0.0456,0.0405,1.0288,0.8792,0.9661,5
OAS30587_ses-d4511.lh,3.0,77,0.7591,0.1297,-0.0053,-0.0482,0.0388,1.0287,0.8792,0.9657,5
OAS30587_ses-d4511.rh,0.0,75,0.6797,0.1468,0.0066,-0.0481,0.0627,0.9849,0.87237,1.1925,7
OAS30587_ses-d4511.rh,0.2,75,0.6775,0.1494,-0.0012,-0.0535,0.0525,0.9942,0.87278,1.1606,7
OAS30587_ses-d4511.rh,0.4,75,0.6735,0.1504,-0.0042,-0.0588,0.0519,0.9933,0.87292,1.1514,7
OAS30587_ses-d4511.rh,0.6,75,0.6773,0.1506,-0.0047,-0.0588,0.0508,0.9959,0.87302,1.1473,7
OAS30587_ses-d4511.rh,1.0,75,0.6754,0.1501,-0.0068,-0.0633,0.0512,0.9908,0.873,1.1467,7
OAS30587_ses-d4511.rh,1.5,75,0.6739,0.1486,-0.0114,-0.0703,0.0492,0.9828,0.87296,1.1511,7
OAS30587_ses-d4511.rh,2.0,75,0.6775,0.1471,-0.0108,-0.0687,0.0487,0.9836,0.87285,1.1572,7
OAS30587_ses-d4511.rh,3.0,75,0.6579,0.1503,-0.0093,-0.0724,0.0555,0.9687,0.87269,1.1475,8
OAS30625_ses-d0033.lh,0.0,77,0.8134,0.1206,0.0044,-0.03,0.0398,1.0498,0.87172,1.5265,12
OAS30625_ses-d0033.lh,0.2,77,0.8253,0.1141,-0.0063,-0.0318,0.0199,1.0644,0.87204,1.5276,12
OAS30625_ses-d0033.lh,0.4,77,0.8233,0.1149,-0.0054,-0.0318,0.0217,1.0596,0.87215,1.5086,12
OAS30625_ses-d0033.lh,0.6,77,0.8261,0.1132,-0.0072,-0.0344,0.0207,1.055,0.87221,1.5091,12
OAS30625_ses-d0033.lh,1.0,77,0.8267,0.112,-0.0095,-0.039,0.0209,1.0475,0.87204,1.4953,12
OAS30625_ses-d0033.lh,1.5,77,0.8241,0.1132,-0.0087,-0.0383,0.0217,1.0513,0.87209,1.4952,12
OAS30625_ses-d0033.lh,2.0,77,0.8247,0.1121,-0.0102,-0.0404,0.0208,1.0469,0.87213,1.4904,12
OAS30625_ses-d0033.lh,3.0,77,0.8244,0.1117,-0.0096,-0.0402,0.0219,1.0461,0.87205,1.5047,13
OAS30625_ses-d0033.rh,0.0,79,0.6184,0.1684,0.0107,-0.0376,0.0602,1.0813,0.89637,1.6567,11
OAS30625_ses-d0033.rh,0.2,79,0.6855,0.1555,-0.0057,-0.049,0.0387,1.0687,0.89559,1.5992,11
OAS30625_ses-d0033.rh,0.4,79,0.6847,0.1562,-0.0057,-0.0492,0.0389,1.0692,0.89563,1.5968,11
OAS30625_ses-d0033.rh,0.6,80,0.6886,0.1538,-0.0078,-0.0469,0.0313,1.0685,0.89569,1.5981,11
OAS30625_ses-d0033.rh,1.0,80,0.6852,0.1548,-0.0101,-0.0498,0.0297,1.0673,0.89566,1.5596,11
OAS30625_ses-d0033.rh,1.5,80,0.6778,0.1578,-0.0126,-0.0549,0.0296,1.0627,0.8956,1.5594,11
OAS30625_ses-d0033.rh,2.0,80,0.6679,0.159,-0.0136,-0.0584,0.0313,1.0604,0.89558,1.5365,11
OAS30625_ses-d0033.rh,3.0,80,0.6648,0.1603,-0.0136,-0.061,0.0339,1.0507,0.89537,1.5293,11
OAS30664_ses-d0226_run-01.lh,0.0,74,0.8362,0.1157,-0.0273,-0.0775,0.0229,1.0347,0.90892,1.6713,1
OAS30664_ses-d0226_run-01.lh,0.2,74,0.8329,0.1163,-0.0293,-0.0797,0.0211,1.0354,0.90879,1.6412,1
OAS30664_ses-d0226_run-01.lh,0.4,74,0.8355,0.1162,-0.0333,-0.0864,0.0198,1.0302,0.90891,1.6353,1
OAS30664_ses-d0226_run-01.lh,0.6,74,0.831,0.1179,-0.0344,-0.0896,0.0209,1.0248,0.90887,1.6292,1
OAS30664_ses-d0226_run-01.lh,1.0,74,0.8301,0.1173,-0.0374,-0.0937,0.019,1.0201,0.90867,1.6229,1
OAS30664_ses-d0226_run-01.lh,1.5,74,0.83,0.1183,-0.0392,-0.0965,0.018,1.0165,0.9086,1.6243,1
OAS30664_ses-d0226_run-01.lh,2.0,74,0.8295,0.1187,-0.0396,-0.097,0.0179,1.0154,0.9086,1.619,1
OAS30664_ses-d0226_run-01.lh,3.0,74,0.8285,0.1192,-0.0383,-0.0938,0.0172,1.0193,0.9085,1.6131,1
OAS30664_ses-d0226_run-01.rh,0.0,73,0.7368,0.1392,-0.0089,-0.0424,0.0255,1.1582,0.90771,1.8502,1
OAS30664_ses-d0226_run-01.rh,0.2,74,0.7384,0.137,-0.0169,-0.061,0.0271,1.1252,0.9084,1.816,2
OAS30664_ses-d0226_run-01.rh,0.4,74,0.7377,0.1362,-0.0191,-0.0651,0.0269,1.1166,0.90847,1.82,2
OAS30664_ses-d0226_run-01.rh,0.6,74,0.7405,0.1358,-0.0198,-0.0651,0.0255,1.1161,0.9085,1.813,2
OAS30664_ses-d0226_run-01.rh,1.0,74,0.7418,0.1351,-0.0216,-0.0666,0.0235,1.1128,0.90844,1.7965,2
OAS30664_ses-d0226_run-01.rh,1.5,74,0.7442,0.1345,-0.0253,-0.0695,0.0189,1.1087,0.90863,1.7961,3
OAS30664_ses-d0226_run-01.rh,2.0,74,0.742,0.1353,-0.0249,-0.0698,0.02,1.1089,0.90871,1.7916,3
OAS30664_ses-d0226_run-01.rh,3.0,74,0.7402,0.1331,-0.0284,-0.0757,0.0188,1.0926,0.90861,1.7833,3
OAS30703_ses-d0076_run-01.lh,0.0,73,0.8338,0.1362,0.0152,0.036,-0.0061,1.1742,0.90104,1.1914,1
OAS30703_ses-d0076_run-01.lh,0.2,73,0.8353,0.1355,0.0125,0.0365,-0.0122,1.186,0.90091,1.1575,2
OAS30703_ses-d0076_run-01.lh,0.4,73,0.8341,0.1356,0.0135,0.0364,-0.01,1.1824,0.90081,1.1571,2
OAS30703_ses-d0076_run-01.lh,0.6,73,0.8351,0.1348,0.0109,0.0316,-0.0105,1.1698,0.90072,1.1549,2
OAS30703_ses-d0076_run-01.lh,1.0,73,0.836,0.1343,0.0075,0.0265,-0.012,1.1662,0.90082,1.1422,3
OAS30703_ses-d0076_run-01.lh,1.5,73,0.8335,0.1342,0.0055,0.0224,-0.0118,1.1636,0.90058,1.1439,3
OAS30703_ses-d0076_run-01.lh,2.0,73,0.8353,0.1338,0.0043,0.021,-0.0128,1.1606,0.90063,1.1545,3
OAS30703_ses-d0076_run-01.lh,3.0,73,0.8384,0.1283,0.0032,0.0153,-0.0092,1.1437,0.90065,1.1544,3
OAS30703_ses-d0076_run-01.rh,0.0,74,0.7509,0.1646,0.0095,-0.0186,0.0376,1.1329,0.89846,1.585,2
OAS30703_ses-d0076_run-01.rh,0.2,74,0.7437,0.1721,-0.0011,-0.0226,0.0205,1.1722,0.89845,1.56,2
OAS30703_ses-d0076_run-01.rh,0.4,74,0.7411,0.172,-0.0014,-0.0252,0.0223,1.1666,0.89832,1.5588,2
OAS30703_ses-d0076_run-01.rh,0.6,74,0.7408,0.1721,-0.0017,-0.0258,0.0225,1.1663,0.89835,1.5506,2
OAS30703_ses-d0076_run-01.rh,1.0,74,0.7427,0.1679,-0.003,-0.0279,0.0219,1.1568,0.89836,1.5366,2
OAS30703_ses-d0076_run-01.rh,1.5,74,0.7327,0.1693,-0.0041,-0.0342,0.0259,1.1467,0.8984,1.5391,2
OAS30703_ses-d0076_run-01.rh,2.0,74,0.7347,0.1678,-0.0053,-0.0348,0.0242,1.1466,0.89856,1.5358,2
OAS30703_ses-d0076_run-01.rh,3.0,74,0.7285,0.1675,-0.0069,-0.0385,0.0247,1.1502,0.8985,1.535,2
OAS30741_ses-d3184.lh,0.0,76,0.6854,0.1731,0.0227,0.0102,0.0353,1.2986,0.87392,1.4692,5
OAS30741_ses-d3184.lh,0.2,76,0.6845,0.1744,0.0161,0.0071,0.0251,1.3126,0.87392,1.4478,5
OAS30741_ses-d3184.lh,0.4,76,0.6859,0.1729,0.0126,0.0031,0.0222,1.3122,0.87385,1.4259,5
OAS30741_ses-d3184.lh,0.6,76,0.6816,0.1747,0.0115,0.0032,0.0199,1.3158,0.8739,1.4383,5
OAS30741_ses-d3184.lh,1.0,76,0.683,0.1737,0.009,-0.0021,0.0201,1.3076,0.87404,1.4337,5
OAS30741_ses-d3184.lh,1.5,76,0.6834,0.1726,0.0085,-0.0041,0.021,1.3042,0.87428,1.4425,5
OAS30741_ses-d3184.lh,2.0,76,0.6838,0.1715,0.0064,-0.0049,0.0178,1.3033,0.87446,1.4451,5
OAS30741_ses-d3184.lh,3.0,76,0.6791,0.1718,0.0028,-0.0112,0.0168,1.2993,0.87449,1.4275,5
OAS30741_ses-d3184.rh,0.0,75,0.7959,0.1305,-0.0065,-0.0456,0.0337,1.0858,0.89324,1.8957,4
OAS30741_ses-d3184.rh,0.2,75,0.7944,0.1326,-0.0154,-0.0538,0.024,1.092,0.89337,1.8635,3
OAS30741_ses-d3184.rh,0.4,75,0.7964,0.1312,-0.0156,-0.0541,0.0238,1.0889,0.89363,1.8551,4
OAS30741_ses-d3184.rh,0.6,75,0.7935,0.1331,-0.0183,-0.0591,0.0236,1.0868,0.89354,1.8384,3
OAS30741_ses-d3184.rh,1.0,75,0.795,0.132,-0.0177,-0.0568,0.0225,1.0884,0.89348,1.8439,3
OAS30741_ses-d3184.rh,1.5,75,0.7954,0.1316,-0.019,-0.0593,0.0224,1.0844,0.89354,1.8407,3
OAS30741_ses-d3184.rh,2.0,75,0.7968,0.1315,-0.0199,-0.0602,0.0215,1.0835,0.89362,1.8431,3
OAS30741_ses-d3184.rh,3.0,75,0.801,0.1286,-0.0234,-0.0643,0.0186,1.0729,0.8937,1.8403,3
OAS30776_ses-d2471.lh,0.0,77,0.771,0.1313,0.0198,-0.0141,0.0546,1.0453,0.92208,1.9918,3
OAS30776_ses-d2471.lh,0.2,77,0.7536,0.1351,0.0159,-0.016,0.0486,1.0761,0.92211,2.0181,3
OAS30776_ses-d2471.lh,0.4,77,0.7533,0.1348,0.0144,-0.0167,0.0464,1.0772,0.9221,2.0066,4
OAS30776_ses-d2471.lh,0.6,78,0.7585,0.136,0.0162,-0.0074,0.0398,1.0838,0.92198,2.0298,4
OAS30776_ses-d2471.lh,1.0,79,0.7433,0.1401,0.0153,-0.0145,0.046,1.0669,0.92154,2.0577,5
OAS30776_ses-d2471.lh,1.5,79,0.7469,0.1385,0.0153,-0.0148,0.0461,1.0639,0.92121,2.0591,5
OAS30776_ses-d2471.lh,2.0,79,0.7441,0.1382,0.0131,-0.0195,0.0464,1.0657,0.92122,2.0565,5
OAS30776_ses-d2471.lh,3.0,79,0.7393,0.1397,0.0112,-0.0232,0.0466,1.0633,0.92097,2.0312,4
OAS30776_ses-d2471.rh,0.0,76,0.8109,0.1451,0.024,-0.0004,0.0483,1.1868,0.90388,2.1761,3
OAS30776_ses-d2471.rh,0.2,76,0.8329,0.1437,0.0222,0.0008,0.0436,1.1685,0.90424,2.1398,3
OAS30776_ses-d2471.rh,0.4,76,0.8336,0.1423,0.02,-0.0015,0.0415,1.1665,0.90432,2.1398,3
OAS30776_ses-d2471.rh,0.6,76,0.832,0.141,0.0166,-0.0073,0.0406,1.1594,0.90464,2.1197,3
OAS30776_ses-d2471.rh,1.0,76,0.8319,0.1407,0.0159,-0.0087,0.0406,1.1596,0.90473,2.1061,3
OAS30776_ses-d2471.rh,1.5,76,0.8334,0.1397,0.0156,-0.0087,0.0398,1.1567,0.90499,2.1038,3
OAS30776_ses-d2471.rh,2.0,76,0.8321,0.1377,0.0129,-0.0142,0.0399,1.1488,0.90512,2.0985,3
OAS30776_ses-d2471.rh,3.0,77,0.8278,0.1384,0.0103,-0.0175,0.0389,1.1454,0.90515,2.0446,3
OAS30811_ses-d7690_run-01.lh,0.0,75,0.6983,0.1483,0.0451,0.0331,0.0574,1.1545,0.90007,1.4007,5
OAS30811_ses-d7690_run-01.lh,0.2,75,0.6933,0.1533,0.0421,0.0337,0.0508,1.1716,0.90039,1.4324,6
OAS30811_ses-d7690_run-01.lh,0.4,75,0.6947,0.1531,0.0395,0.0305,0.0488,1.1661,0.90044,1.4009,6
OAS30811_ses-d7690_run-01.lh,0.6,75,0.6992,0.1519,0.0381,0.0295,0.047,1.1636,0.9008,1.4246,6
OAS30811_ses-d7690_run-01.lh,1.0,75,0.6975,0.152,0.0367,0.0283,0.0453,1.1629,0.90096,1.3983,6
OAS30811_ses-d7690_run-01.lh,1.5,75,0.7097,0.1492,0.0337,0.0243,0.0433,1.1605,0.90116,1.385,6
OAS30811_ses-d7690_run-01.lh,2.0,75,0.7139,0.1497,0.0333,0.0251,0.0418,1.163,0.90124,1.383,6
OAS30811_ses-d7690_run-01.lh,3.0,75,0.7148,0.1494,0.0295,0.02,0.0392,1.1604,0.90112,1.3829,6
OAS30811_ses-d7690_run-01.rh,0.0,75,0.6771,0.1644,0.0348,-0.0049,0.0756,1.1431,0.87925,1.4834,9
OAS30811_ses-d7690_run-01.rh,0.2,75,0.6657,0.1643,0.0267,-0.0143,0.0688,1.1427,0.87896,1.4835,9
OAS30811_ses-d7690_run-01.rh,0.4,75,0.6727,0.1622,0.0244,-0.0149,0.0647,1.1441,0.87909,1.4574,10
OAS30811_ses-d7690_run-01.rh,0.6,75,0.669,0.1637,0.0221,-0.0184,0.0637,1.1469,0.87926,1.4543,11
OAS30811_ses-d7690_run-01.rh,1.0,75,0.6686,0.1624,0.0197,-0.0204,0.061,1.1448,0.8795,1.4476,10
OAS30811_ses-d7690_run-01.rh,1.5,75,0.6734,0.1581,0.0209,-0.0211,0.064,1.132,0.8797,1.4247,10
OAS30811_ses-d7690_run-01.rh,2.0,75,0.6701,0.1592,0.0175,-0.0261,0.0623,1.1286,0.87969,1.4161,10
OAS30811_ses-d7690_run-01.rh,3.0,75,0.6773,0.1573,0.0171,-0.0241,0.0595,1.1263,0.87981,1.4466,11
OAS30851_ses-d0000_run-01.lh,0.0,76,0.6881,0.1468,-0.0062,-0.0776,0.0651,0.9754,0.89785,1.4287,10
OAS30851_ses-d0000_run-01.lh,0.2,77,0.698,0.1474,-0.0161,-0.0861,0.0558,0.976,0.89858,1.4385,10
OAS30851_ses-d0000_run-01.lh,0.4,77,0.7008,0.147,-0.0172,-0.087,0.0545,0.9771,0.8985,1.4353,11
OAS30851_ses-d0000_run-01.lh,0.6,77,0.6983,0.148,-0.0174,-0.0878,0.0549,0.9657,0.89854,1.4346,12
OAS30851_ses-d0000_run-01.lh,1.0,77,0.7021,0.1462,-0.0189,-0.0902,0.0541,0.9613,0.89862,1.4327,12
OAS30851_ses-d0000_run-01.lh,1.5,77,0.7003,0.1466,-0.0201,-0.0938,0.0554,0.9585,0.89865,1.4442,12
OAS30851_ses-d0000_run-01.lh,2.0,77,0.6991,0.1464,-0.0219,-0.0966,0.0548,0.9565,0.89867,1.4327,12
OAS30851_ses-d0000_run-01.lh,3.0,77,0.7005,0.1443,-0.0266,-0.1026,0.0514,0.9473,0.89868,1.4422,12
OAS30851_ses-d0000_run-01.rh,0.0,75,0.7486,0.1484,0.0207,-0.041,0.0841,0.9815,0.89812,1.7618,5
OAS30851_ses-d0000_run-01.rh,0.2,76,0.7531,0.147,0.0135,-0.0444,0.0715,0.9965,0.89799,1.7598,5
OAS30851_ses-d0000_run-01.rh,0.4,76,0.7544,0.1454,0.0118,-0.0464,0.0699,0.9944,0.89754,1.7493,5
OAS30851_ses-d0000_run-01.rh,0.6,76,0.7549,0.1457,0.0094,-0.0504,0.0691,0.9929,0.89766,1.7184,5
OAS30851_ses-d0000_run-01.rh,1.0,76,0.7518,0.146,0.0077,-0.0527,0.0681,0.9915,0.89771,1.6972,5
OAS30851_ses-d0000_run-01.rh,1.5,76,0.7502,0.1452,0.004,-0.056,0.064,0.99,0.89781,1.726,5
OAS30851_ses-d0000_run-01.rh,2.0,76,0.7488,0.1441,0.0019,-0.0592,0.0631,0.9841,0.89795,1.7352,5
OAS30851_ses-d0000_run-01.rh,3.0,76,0.7487,0.1437,0.0011,-0.0599,0.062,0.983,0.8979,1.7349,5
OAS30888_ses-d0066.lh,0.0,73,0.6833,0.1461,0.0084,-0.0488,0.0673,0.9391,0.88718,1.7663,7
OAS30888_ses-d0066.lh,0.2,74,0.6796,0.149,0.0049,-0.0463,0.0561,0.9679,0.88787,1.7763,7
OAS30888_ses-d0066.lh,0.4,75,0.6898,0.1445,0.0041,-0.0399,0.0493,0.9557,0.88794,1.7749,7
OAS30888_ses-d0066.lh,0.6,75,0.6891,0.1446,0.0025,-0.0425,0.0488,0.9533,0.88807,1.7663,7
OAS30888_ses-d0066.lh,1.0,74,0.6947,0.1402,-0.0059,-0.0599,0.048,0.938,0.88784,1.7364,7
OAS30888_ses-d0066.lh,1.5,75,0.6947,0.1389,-0.0076,-0.0556,0.0417,0.9377,0.88781,1.7491,7
OAS30888_ses-d0066.lh,2.0,74,0.6977,0.1372,-0.0116,-0.0654,0.0422,0.9324,0.88788,1.7343,7
OAS30888_ses-d0066.lh,3.0,74,0.7024,0.1365,-0.0124,-0.0668,0.042,0.9287,0.88793,1.7382,7
OAS30888_ses-d0066.rh,0.0,74,0.8037,0.1339,-0.0007,-0.0424,0.0409,1.0475,0.88634,1.8024,5
OAS30888_ses-d0066.rh,0.2,75,0.817,0.1293,-0.0071,-0.0448,0.0317,1.0448,0.88655,1.7882,7
OAS30888_ses-d0066.rh,0.4,75,0.8185,0.1283,-0.0085,-0.0475,0.0315,1.0415,0.88665,1.7826,6
OAS30888_ses-d0066.rh,0.6,75,0.8186,0.1286,-0.0086,-0.0476,0.0314,1.0419,0.88667,1.7876,6
OAS30888_ses-d0066.rh,1.0,75,0.8176,0.1287,-0.01,-0.0497,0.0308,1.0366,0.88679,1.7821,6
OAS30888_ses-d0066.rh,1.5,75,0.816,0.1283,-0.0124,-0.0534,0.0297,1.0303,0.88668,1.7882,6
OAS30888_ses-d0066.rh,2.0,75,0.8171,0.128,-0.0135,-0.0543,0.0284,1.0278,0.88667,1.7821,6
OAS30888_ses-d0066.rh,3.0,75,0.8171,0.1271,-0.0147,-0.0555,0.0273,1.0249,0.88659,1.7792,6
OAS30926_ses-d0092.lh,0.0,77,0.8289,0.1241,-0.0019,-0.0088,0.0051,1.0807,0.9072,1.9583,3
OAS30926_ses-d0092.lh,0.2,77,0.8326,0.1227,-0.0062,-0.0126,0.0004,1.0894,0.90751,1.9563,3
OAS30926_ses-d0092.lh,0.4,77,0.8334,0.1214,-0.0072,-0.0125,-0.0017,1.0872,0.90759,1.9442,3
OAS30926_ses-d0092.lh,0.6,77,0.8348,0.1206,-0.009,-0.0149,-0.003,1.0856,0.90752,1.9342,3
OAS30926_ses-d0092.lh,1.0,77,0.8315,0.1201,-0.0111,-0.0173,-0.0048,1.0817,0.90753,1.9342,3
OAS30926_ses-d0092.lh,1.5,77,0.8275,0.1184,-0.0147,-0.0227,-0.0064,1.0757,0.9075,1.941,3
OAS30926_ses-d0092.lh,2.0,77,0.8276,0.1181,-0.0168,-0.0265,-0.007,1.0732,0.9075,1.9359,3
OAS30926_ses-d0092.lh,3.0,77,0.8289,0.1172,-0.0205,-0.0305,-0.0102,1.069,0.90741,1.93,3
OAS30926_ses-d0092.rh,0.0,75,0.8115,0.1299,0.0011,-0.0606,0.0644,0.9288,0.90938,1.889,2
OAS30926_ses-d0092.rh,0.2,75,0.7901,0.1373,-0.0087,-0.0723,0.0565,0.9477,0.90917,1.9012,3
OAS30926_ses-d0092.rh,0.4,75,0.7869,0.1374,-0.0127,-0.0785,0.0548,0.9413,0.90939,1.8866,3
OAS30926_ses-d0092.rh,0.6,75,0.7856,0.1382,-0.0138,-0.0802,0.0544,0.9402,0.90959,1.8854,3
OAS30926_ses-d0092.rh,1.0,75,0.7861,0.1377,-0.0159,-0.0832,0.0533,0.9355,0.90971,1.8854,3
OAS30926_ses-d0092.rh,1.5,75,0.7834,0.1383,-0.0174,-0.0862,0.0531,0.9298,0.90977,1.8699,3
OAS30926_ses-d0092.rh,2.0,75,0.785,0.1374,-0.0176,-0.0857,0.0522,0.9291,0.90981,1.8633,3
OAS30926_ses-d0092.rh,3.0,75,0.7819,0.1373,-0.0206,-0.0926,0.0534,0.9219,0.9099,1.8704,3
OAS30966_ses-d0189_run-01.lh,0.0,75,0.8049,0.1364,0.0315,0.0284,0.0348,1.062,0.90834,1.6079,3
OAS30966_ses-d0189_run-01.lh,0.2,75,0.8042,0.1368,0.0256,0.0261,0.0251,1.08,0.90875,1.6596,4
OAS30966_ses-d0189_run-01.lh,0.4,75,0.8053,0.1346,0.0227,0.0239,0.0215,1.0709,0.90896,1.6547,4
OAS30966_ses-d0189_run-01.lh,0.6,75,0.8036,0.1359,0.022,0.0221,0.0219,1.0681,0.90919,1.6334,4
OAS30966_ses-d0189_run-01.lh,1.0,75,0.802,0.1363,0.0214,0.0204,0.0224,1.0631,0.90927,1.6408,4
OAS30966_ses-d0189_run-01.lh,1.5,75,0.7997,0.138,0.0192,0.0174,0.021,1.0636,0.90912,1.6576,5
OAS30966_ses-d0189_run-01.lh,2.0,75,0.8,0.1375,0.0194,0.0178,0.0211,1.0624,0.90921,1.6388,5
OAS30966_ses-d0189_run-01.lh,3.0,75,0.7988,0.1364,0.0169,0.013,0.0209,1.05,0.90913,1.6351,5
OAS30966_ses-d0189_run-01.rh,0.0,74,0.8356,0.1341,0.0215,-0.0036,0.0466,1.037,0.9099,1.3863,2
OAS30966_ses-d0189_run-01.rh,0.2,74,0.8233,0.1353,0.0198,-0.0107,0.0504,1.0295,0.90999,1.3569,2
OAS30966_ses-d0189_run-01.rh,0.4,74,0.8244,0.1351,0.0179,-0.014,0.0498,1.0273,0.9101,1.3547,2
OAS30966_ses-d0189_run-01.rh,0.6,74,0.8237,0.1357,0.0169,-0.0161,0.0499,1.0268,0.91016,1.3516,2
OAS30966_ses-d0189_run-01.rh,1.0,74,0.8257,0.1337,0.0156,-0.0176,0.0488,1.0227,0.9102,1.35,2
OAS30966_ses-d0189_run-01.rh,1.5,74,0.8253,0.1311,0.0125,-0.0234,0.0485,1.0166,0.91038,1.3502,2
OAS30966_ses-d0189_run-01.rh,2.0,74,0.8249,0.1308,0.0129,-0.0239,0.0497,1.014,0.9104,1.3721,2
OAS30966_ses-d0189_run-01.rh,3.0,74,0.7914,0.1356,0.006,-0.0375,0.0495,0.9909,0.9104,1.3569,2
OAS31001_ses-d0064.lh,0.0,76,0.6987,0.1414,0.009,-0.043,0.0611,1.0723,0.9082,1.3335,9
OAS31001_ses-d0064.lh,0.2,77,0.6407,0.1502,0.0186,-0.0418,0.0806,1.0671,0.90833,1.314,10
OAS31001_ses-d0064.lh,0.4,77,0.6415,0.1494,0.018,-0.0418,0.0793,1.0652,0.90829,1.306,9
OAS31001_ses-d0064.lh,0.6,77,0.642,0.1506,0.0172,-0.041,0.0768,1.0681,0.90835,1.3072,9
OAS31001_ses-d0064.lh,1.0,77,0.6402,0.1489,0.0147,-0.0454,0.0763,1.0629,0.90795,1.3279,9
OAS31001_ses-d0064.lh,1.5,77,0.6357,0.1498,0.0117,-0.0521,0.0771,1.0601,0.90786,1.3243,9
OAS31001_ses-d0064.lh,2.0,77,0.6358,0.1506,0.0117,-0.0519,0.077,1.0626,0.90781,1.3248,9
OAS31001_ses-d0064.lh,3.0,77,0.6417,0.1465,0.0065,-0.0592,0.0741,1.0487,0.90771,1.307,9
OAS31001_ses-d0064.rh,0.0,76,0.6299,0.1586,0.0174,-0.0888,0.1236,0.9594,0.89624,1.4301,8
OAS31001_ses-d0064.rh,0.2,76,0.6411,0.1514,0.0097,-0.0965,0.1159,0.9535,0.89639,1.4081,9
OAS31001_ses-d0064.rh,0.4,76,0.6397,0.1509,0.0074,-0.0988,0.1136,0.9508,0.89645,1.4079,9
OAS31001_ses-d0064.rh,0.6,76,0.6384,0.1504,0.0059,-0.1017,0.1135,0.9464,0.8965,1.396,9
OAS31001_ses-d0064.rh,1.0,76,0.6394,0.1496,0.0046,-0.1036,0.1127,0.9422,0.89654,1.398,9
OAS31001_ses-d0064.rh,1.5,76,0.6396,0.1492,0.0043,-0.104,0.1126,0.9405,0.89668,1.3864,9
OAS31001_ses-d0064.rh,2.0,76,0.634,0.1509,0.0035,-0.1053,0.1123,0.9383,0.89673,1.3882,10
OAS31001_ses-d0064.rh,3.0,76,0.6333,0.1504,0.0028,-0.1055,0.1111,0.9374,0.89675,1.3883,10
OAS31037_ses-d3295_run-01.lh,0.0,75,0.7581,0.1628,0.021,-0.0162,0.0592,1.0603,0.89625,1.2827,2
OAS31037_ses-d3295_run-01.lh,0.2,74,0.7621,0.1571,0.0169,-0.0203,0.054,1.0522,0.89687,1.1951,2
OAS31037_ses-d3295_run-01.lh,0.4,74,0.7603,0.1584,0.0164,-0.0207,0.0535,1.0559,0.89671,1.1908,2
OAS31037_ses-d3295_run-01.lh,0.6,75,0.7656,0.158,0.0119,-0.0217,0.0464,1.0758,0.89723,1.1883,2
OAS31037_ses-d3295_run-01.lh,1.0,75,0.7628,0.1592,0.0104,-0.0266,0.0484,1.0672,0.89695,1.1882,2
OAS31037_ses-d3295_run-01.lh,1.5,75,0.7725,0.1551,0.0057,-0.0291,0.0415,1.0541,0.89723,1.1472,2
OAS31037_ses-d3295_run-01.lh,2.0,75,0.7722,0.1547,0.0035,-0.034,0.042,1.0485,0.89709,1.1271,2
OAS31037_ses-d3295_run-01.lh,3.0,75,0.7853,0.1476,-0.0027,-0.0411,0.0368,1.0224,0.89706,1.1271,2
OAS31037_ses-d3295_run-01.rh,0.0,76,0.6724,0.1537,0.0027,-0.0591,0.0646,0.997,0.88324,1.6618,5
OAS31037_ses-d3295_run-01.rh,0.2,76,0.6646,0.1573,0.001,-0.0593,0.0612,1.0079,0.88393,1.6959,5
OAS31037_ses-d3295_run-01.rh,0.4,76,0.6638,0.1581,-0.0002,-0.0598,0.0595,1.0104,0.88345,1.6616,4
OAS31037_ses-d3295_run-01.rh,0.6,76,0.6637,0.1581,-0.0012,-0.0611,0.0586,1.0103,0.88315,1.6612,4
OAS31037_ses-d3295_run-01.rh,1.0,76,0.6682,0.1566,-0.0039,-0.0646,0.0568,1.0047,0.8831,1.6776,4
OAS31037_ses-d3295_run-01.rh,1.5,76,0.6682,0.1563,-0.0048,-0.0658,0.0562,1.0035,0.88307,1.6785,4
OAS31037_ses-d3295_run-01.rh,2.0,76,0.6681,0.1561,-0.0052,-0.0664,0.056,1.0032,0.88305,1.6789,4
OAS31037_ses-d3295_run-01.rh,3.0,76,0.6721,0.1566,-0.0071,-0.0693,0.0551,1.0014,0.88306,1.6775,4
OAS31075_ses-d1199.lh,0.0,72,0.7882,0.144,-0.0031,-0.0287,0.0226,1.0166,0.88137,1.4064,3
OAS31075_ses-d1199.lh,0.2,74,0.7864,0.1435,-0.0086,-0.0366,0.0194,1.0266,0.88198,1.4088,5
OAS31075_ses-d1199.lh,0.4,74,0.7835,0.1434,-0.0101,-0.0383,0.0181,1.0274,0.88182,1.4085,5
OAS31075_ses-d1199.lh,0.6,74,0.7783,0.145,-0.0091,-0.0381,0.0199,1.0261,0.88154,1.4014,5
OAS31075_ses-d1199.lh,1.0,75,0.7515,0.1512,-0.0026,-0.0399,0.0357,1.032,0.88177,1.3948,5
OAS31075_ses-d1199.lh,1.5,75,0.7547,0.1482,-0.0061,-0.0457,0.0346,1.0222,0.88184,1.393,5
OAS31075_ses-d1199.lh,2.0,75,0.7536,0.1502,-0.0053,-0.0464,0.037,1.0201,0.88184,1.393,5
OAS31075_ses-d1199.lh,3.0,74,0.7567,0.1469,-0.005,-0.0462,0.0361,1.021,0.88144,1.393,4
OAS31075_ses-d1199.rh,0.0,73,0.7876,0.127,0.0017,-0.0248,0.0289,1.0186,0.90761,1.6887,0
OAS31075_ses-d1199.rh,0.2,73,0.7901,0.1269,-0.0047,-0.0303,0.0216,1.0301,0.90826,1.6877,1
OAS31075_ses-d1199.rh,0.4,73,0.7913,0.1267,-0.0046,-0.0301,0.0216,1.0279,0.90826,1.6837,1
OAS31075_ses-d1199.rh,0.6,73,0.7918,0.1262,-0.0066,-0.0325,0.02,1.027,0.90816,1.6805,1
OAS31075_ses-d1199.rh,1.0,73,0.7954,0.1238,-0.0084,-0.0327,0.0166,1.0268,0.90821,1.6416,1
OAS31075_ses-d1199.rh,1.5,73,0.7898,0.1255,-0.0144,-0.0423,0.0143,1.015,0.90812,1.6189,1
OAS31075_ses-d1199.rh,2.0,73,0.7914,0.1245,-0.0146,-0.0427,0.0142,1.0073,0.9083,1.6189,1
OAS31075_ses-d1199.rh,3.0,72,0.7972,0.1242,-0.0176,-0.0557,0.0205,0.9891,0.90813,1.6205,2
OAS31114_ses-d0695_run-01.lh,0.0,74,0.7036,0.1675,0.0574,-0.0188,0.1336,1.0858,0.88852,1.9636,1
OAS31114_ses-d0695_run-01.lh,0.2,74,0.6711,0.175,0.0584,-0.0211,0.1378,1.1108,0.8887,1.9556,1
OAS31114_ses-d0695_run-01.lh,0.4,76,0.6721,0.1719,0.0549,-0.023,0.1329,1.1124,0.88855,1.9702,1
OAS31114_ses-d0695_run-01.lh,0.6,76,0.6725,0.1709,0.0529,-0.0249,0.1307,1.1099,0.88873,1.9702,1
OAS31114_ses-d0695_run-01.lh,1.0,76,0.6791,0.1668,0.0485,-0.0273,0.1243,1.1057,0.88885,1.9502,1
OAS31114_ses-d0695_run-01.lh,1.5,76,0.6794,0.165,0.0476,-0.0287,0.1238,1.1013,0.88897,1.9344,1
OAS31114_ses-d0695_run-01.lh,2.0,76,0.6852,0.1626,0.0422,-0.032,0.1164,1.109,0.88899,1.9354,1
OAS31114_ses-d0695_run-01.lh,3.0,76,0.6845,0.1636,0.0421,-0.0318,0.116,1.1091,0.88918,1.9433,1
OAS31114_ses-d0695_run-01.rh,0.0,75,0.7871,0.1312,0.0397,0.0279,0.0518,1.0738,0.9108,1.969,0
OAS31114_ses-d0695_run-01.rh,0.2,75,0.77,0.1335,0.0326,0.0232,0.0423,1.0886,0.91072,1.968,0
OAS31114_ses-d0695_run-01.rh,0.4,75,0.7678,0.1339,0.0306,0.019,0.0426,1.0853,0.91088,1.9428,0
OAS31114_ses-d0695_run-01.rh,0.6,75,0.7691,0.1321,0.0277,0.0155,0.0402,1.0834,0.91093,1.9363,0
OAS31114_ses-d0695_run-01.rh,1.0,75,0.7694,0.1322,0.0273,0.0151,0.0398,1.0882,0.911,1.9413,0
OAS31114_ses-d0695_run-01.rh,1.5,75,0.7674,0.1326,0.0252,0.0118,0.039,1.0805,0.91109,1.9427,0
OAS31114_ses-d0695_run-01.rh,2.0,75,0.7711,0.1294,0.0203,0.0065,0.0345,1.0827,0.91106,1.9414,0
OAS31114_ses-d0695_run-01.rh,3.0,75,0.7719,0.1268,0.0166,-0.0006,0.0342,1.0746,0.91095,1.9486,0
