scan,hemi,parcel,plain,repaired
OAS30001_ses-d0129_run-01,lh,lh-bankssts,3.11114,3.04759
OAS30001_ses-d0129_run-01,lh,lh-caudalanteriorcingulate,3.23657,3.22947
OAS30001_ses-d0129_run-01,lh,lh-caudalmiddlefrontal,3.11159,3.06717
OAS30001_ses-d0129_run-01,lh,lh-cuneus,2.68313,2.67962
OAS30001_ses-d0129_run-01,lh,lh-entorhinal,4.0984,3.97554
OAS30001_ses-d0129_run-01,lh,lh-fusiform,3.56771,3.50714
OAS30001_ses-d0129_run-01,lh,lh-inferiorparietal,3.08917,3.07133
OAS30001_ses-d0129_run-01,lh,lh-inferiortemporal,3.60947,3.54816
OAS30001_ses-d0129_run-01,lh,lh-isthmuscingulate,2.87753,2.81206
OAS30001_ses-d0129_run-01,lh,lh-lateraloccipital,3.06592,3.0142
OAS30001_ses-d0129_run-01,lh,lh-lateralorbitofrontal,3.41908,3.39863
OAS30001_ses-d0129_run-01,lh,lh-lingual,2.89026,2.86064
OAS30001_ses-d0129_run-01,lh,lh-medialorbitofrontal,3.16498,3.10619
OAS30001_ses-d0129_run-01,lh,lh-middletemporal,3.5259,3.4707
OAS30001_ses-d0129_run-01,lh,lh-parahippocampal,3.56729,3.51722
OAS30001_ses-d0129_run-01,lh,lh-paracentral,3.10042,3.08472
OAS30001_ses-d0129_run-01,lh,lh-parsopercularis,3.35406,3.33233
OAS30001_ses-d0129_run-01,lh,lh-parsorbitalis,3.31165,3.31157
OAS30001_ses-d0129_run-01,lh,lh-parstriangularis,2.9527,2.95172
OAS30001_ses-d0129_run-01,lh,lh-pericalcarine,2.18606,2.18057
OAS30001_ses-d0129_run-01,lh,lh-postcentral,2.60917,2.59958
OAS30001_ses-d0129_run-01,lh,lh-posteriorcingulate,2.96342,2.95339
OAS30001_ses-d0129_run-01,lh,lh-precentral,3.19418,3.17739
OAS30001_ses-d0129_run-01,lh,lh-precuneus,3.18973,3.15027
OAS30001_ses-d0129_run-01,lh,lh-rostralanteriorcingulate,3.61833,3.55615
OAS30001_ses-d0129_run-01,lh,lh-rostralmiddlefrontal,3.08569,3.05587
OAS30001_ses-d0129_run-01,lh,lh-superiorfrontal,3.46237,3.44109
OAS30001_ses-d0129_run-01,lh,lh-superiorparietal,2.97103,2.95487
OAS30001_ses-d0129_run-01,lh,lh-superiortemporal,3.46034,3.4351
OAS30001_ses-d0129_run-01,lh,lh-supramarginal,3.23225,3.22423
OAS30001_ses-d0129_run-01,lh,lh-frontalpole,3.44474,3.42634
OAS30001_ses-d0129_run-01,lh,lh-temporalpole,4.57221,4.538
OAS30001_ses-d0129_run-01,lh,lh-transversetemporal,3.07172,3.0617
OAS30001_ses-d0129_run-01,lh,lh-insula,3.65735,3.62777
OAS30001_ses-d0129_run-01,rh,rh-bankssts,3.1248,3.06776
OAS30001_ses-d0129_run-01,rh,rh-caudalanteriorcingulate,2.90548,2.85136
OAS30001_ses-d0129_run-01,rh,rh-caudalmiddlefrontal,3.25402,3.21494
OAS30001_ses-d0129_run-01,rh,rh-cuneus,2.65913,2.63029
OAS30001_ses-d0129_run-01,rh,rh-entorhinal,4.29589,4.19811
OAS30001_ses-d0129_run-01,rh,rh-fusiform,3.71097,3.60556
OAS30001_ses-d0129_run-01,rh,rh-inferiorparietal,3.18375,3.1222
OAS30001_ses-d0129_run-01,rh,rh-inferiortemporal,3.69181,3.58394
OAS30001_ses-d0129_run-01,rh,rh-isthmuscingulate,3.01572,2.98268
OAS30001_ses-d0129_run-01,rh,rh-lateraloccipital,3.00293,2.94773
OAS30001_ses-d0129_run-01,rh,rh-lateralorbitofrontal,3.49289,3.45974
OAS30001_ses-d0129_run-01,rh,rh-lingual,2.71655,2.66649
OAS30001_ses-d0129_run-01,rh,rh-medialorbitofrontal,2.97904,2.94752
OAS30001_ses-d0129_run-01,rh,rh-middletemporal,3.72327,3.64886
OAS30001_ses-d0129_run-01,rh,rh-parahippocampal,3.71566,3.6776
OAS30001_ses-d0129_run-01,rh,rh-paracentral,3.31886,3.29984
OAS30001_ses-d0129_run-01,rh,rh-parsopercularis,3.31222,3.28539
OAS30001_ses-d0129_run-01,rh,rh-parsorbitalis,3.48799,3.47542
OAS30001_ses-d0129_run-01,rh,rh-parstriangularis,3.1418,3.13211
OAS30001_ses-d0129_run-01,rh,rh-pericalcarine,2.28209,2.24696
OAS30001_ses-d0129_run-01,rh,rh-postcentral,2.70285,2.6872
OAS30001_ses-d0129_run-01,rh,rh-posteriorcingulate,3.16224,3.14374
OAS30001_ses-d0129_run-01,rh,rh-precentral,3.16893,3.15245
OAS30001_ses-d0129_run-01,rh,rh-precuneus,3.21052,3.15979
OAS30001_ses-d0129_run-01,rh,rh-rostralanteriorcingulate,3.19687,3.18917
OAS30001_ses-d0129_run-01,rh,rh-rostralmiddlefrontal,3.12599,3.10409
OAS30001_ses-d0129_run-01,rh,rh-superiorfrontal,3.38251,3.35248
OAS30001_ses-d0129_run-01,rh,rh-superiorparietal,3.02993,3.00522
OAS30001_ses-d0129_run-01,rh,rh-superiortemporal,3.41696,3.39485
OAS30001_ses-d0129_run-01,rh,rh-supramarginal,3.27055,3.24383
OAS30001_ses-d0129_run-01,rh,rh-frontalpole,3.73046,3.68424
OAS30001_ses-d0129_run-01,rh,rh-temporalpole,4.45145,4.43024
OAS30001_ses-d0129_run-01,rh,rh-transversetemporal,3.05816,3.05105
OAS30001_ses-d0129_run-01,rh,rh-insula,3.78683,3.76149
OAS30001_ses-d0129_run-02,lh,lh-bankssts,3.16258,3.09668
OAS30001_ses-d0129_run-02,lh,lh-caudalanteriorcingulate,3.36494,3.35818
OAS30001_ses-d0129_run-02,lh,lh-caudalmiddlefrontal,3.16283,3.10937
OAS30001_ses-d0129_run-02,lh,lh-cuneus,2.61752,2.61163
OAS30001_ses-d0129_run-02,lh,lh-entorhinal,3.95187,3.79915
OAS30001_ses-d0129_run-02,lh,lh-fusiform,3.5562,3.49771
OAS30001_ses-d0129_run-02,lh,lh-inferiorparietal,3.11044,3.09274
OAS30001_ses-d0129_run-02,lh,lh-inferiortemporal,3.63452,3.57906
OAS30001_ses-d0129_run-02,lh,lh-isthmuscingulate,2.84872,2.79333
OAS30001_ses-d0129_run-02,lh,lh-lateraloccipital,3.06417,3.02405
OAS30001_ses-d0129_run-02,lh,lh-lateralorbitofrontal,3.52605,3.48344
OAS30001_ses-d0129_run-02,lh,lh-lingual,2.8547,2.8298
OAS30001_ses-d0129_run-02,lh,lh-medialorbitofrontal,3.15976,3.11885
OAS30001_ses-d0129_run-02,lh,lh-middletemporal,3.53257,3.48627
OAS30001_ses-d0129_run-02,lh,lh-parahippocampal,3.63788,3.59316
OAS30001_ses-d0129_run-02,lh,lh-paracentral,3.0908,3.07872
OAS30001_ses-d0129_run-02,lh,lh-parsopercularis,3.39963,3.34081
OAS30001_ses-d0129_run-02,lh,lh-parsorbitalis,3.27658,3.27563
OAS30001_ses-d0129_run-02,lh,lh-parstriangularis,2.98888,2.96957
OAS30001_ses-d0129_run-02,lh,lh-pericalcarine,2.19901,2.1942
OAS30001_ses-d0129_run-02,lh,lh-postcentral,2.66099,2.65304
OAS30001_ses-d0129_run-02,lh,lh-posteriorcingulate,3.06765,3.05629
OAS30001_ses-d0129_run-02,lh,lh-precentral,3.22086,3.20256
OAS30001_ses-d0129_run-02,lh,lh-precuneus,3.16122,3.12048
OAS30001_ses-d0129_run-02,lh,lh-rostralanteriorcingulate,3.63955,3.59182
OAS30001_ses-d0129_run-02,lh,lh-rostralmiddlefrontal,3.12089,3.08347
OAS30001_ses-d0129_run-02,lh,lh-superiorfrontal,3.46604,3.4475
OAS30001_ses-d0129_run-02,lh,lh-superiorparietal,2.98527,2.97029
OAS30001_ses-d0129_run-02,lh,lh-superiortemporal,3.46184,3.4366
OAS30001_ses-d0129_run-02,lh,lh-supramarginal,3.18314,3.17613
OAS30001_ses-d0129_run-02,lh,lh-frontalpole,3.36136,3.36163
OAS30001_ses-d0129_run-02,lh,lh-temporalpole,4.50631,4.47394
OAS30001_ses-d0129_run-02,lh,lh-transversetemporal,3.16141,3.13692
OAS30001_ses-d0129_run-02,lh,lh-insula,3.64327,3.6202
OAS30001_ses-d0129_run-02,rh,rh-bankssts,3.12553,3.0677
OAS30001_ses-d0129_run-02,rh,rh-caudalanteriorcingulate,2.9285,2.87748
OAS30001_ses-d0129_run-02,rh,rh-caudalmiddlefrontal,3.20833,3.17979
OAS30001_ses-d0129_run-02,rh,rh-cuneus,2.64544,2.62532
OAS30001_ses-d0129_run-02,rh,rh-entorhinal,4.18084,4.05417
OAS30001_ses-d0129_run-02,rh,rh-fusiform,3.69768,3.6093
OAS30001_ses-d0129_run-02,rh,rh-inferiorparietal,3.17104,3.11369
OAS30001_ses-d0129_run-02,rh,rh-inferiortemporal,3.66704,3.55267
OAS30001_ses-d0129_run-02,rh,rh-isthmuscingulate,2.89625,2.87542
OAS30001_ses-d0129_run-02,rh,rh-lateraloccipital,3.02108,2.95625
OAS30001_ses-d0129_run-02,rh,rh-lateralorbitofrontal,3.47354,3.4294
OAS30001_ses-d0129_run-02,rh,rh-lingual,2.76317,2.69888
OAS30001_ses-d0129_run-02,rh,rh-medialorbitofrontal,2.98997,2.94996
OAS30001_ses-d0129_run-02,rh,rh-middletemporal,3.76541,3.66883
OAS30001_ses-d0129_run-02,rh,rh-parahippocampal,3.70129,3.66447
OAS30001_ses-d0129_run-02,rh,rh-paracentral,3.3039,3.27747
OAS30001_ses-d0129_run-02,rh,rh-parsopercularis,3.39297,3.35355
OAS30001_ses-d0129_run-02,rh,rh-parsorbitalis,3.44943,3.4495
OAS30001_ses-d0129_run-02,rh,rh-parstriangularis,3.12632,3.10626
OAS30001_ses-d0129_run-02,rh,rh-pericalcarine,2.2727,2.23887
OAS30001_ses-d0129_run-02,rh,rh-postcentral,2.71778,2.70435
OAS30001_ses-d0129_run-02,rh,rh-posteriorcingulate,3.19226,3.17012
OAS30001_ses-d0129_run-02,rh,rh-precentral,3.16333,3.14511
OAS30001_ses-d0129_run-02,rh,rh-precuneus,3.19689,3.15982
OAS30001_ses-d0129_run-02,rh,rh-rostralanteriorcingulate,3.306,3.30004
OAS30001_ses-d0129_run-02,rh,rh-rostralmiddlefrontal,3.12142,3.09065
OAS30001_ses-d0129_run-02,rh,rh-superiorfrontal,3.40892,3.37638
OAS30001_ses-d0129_run-02,rh,rh-superiorparietal,2.99249,2.96444
OAS30001_ses-d0129_run-02,rh,rh-superiortemporal,3.45581,3.43191
OAS30001_ses-d0129_run-02,rh,rh-supramarginal,3.26811,3.23619
OAS30001_ses-d0129_run-02,rh,rh-frontalpole,3.61936,3.59973
OAS30001_ses-d0129_run-02,rh,rh-temporalpole,4.45619,4.4278
OAS30001_ses-d0129_run-02,rh,rh-transversetemporal,2.92696,2.917
OAS30001_ses-d0129_run-02,rh,rh-insula,3.80296,3.7754
OAS30060_ses-d0074_run-01,lh,lh-bankssts,3.15799,3.15792
OAS30060_ses-d0074_run-01,lh,lh-caudalanteriorcingulate,3.25156,3.2357
OAS30060_ses-d0074_run-01,lh,lh-caudalmiddlefrontal,3.17144,3.1663
OAS30060_ses-d0074_run-01,lh,lh-cuneus,2.51959,2.51959
OAS30060_ses-d0074_run-01,lh,lh-entorhinal,4.17933,4.17969
OAS30060_ses-d0074_run-01,lh,lh-fusiform,3.38801,3.36758
OAS30060_ses-d0074_run-01,lh,lh-inferiorparietal,3.11408,3.11359
OAS30060_ses-d0074_run-01,lh,lh-inferiortemporal,3.36708,3.35971
OAS30060_ses-d0074_run-01,lh,lh-isthmuscingulate,2.80242,2.78209
OAS30060_ses-d0074_run-01,lh,lh-lateraloccipital,2.95632,2.93381
OAS30060_ses-d0074_run-01,lh,lh-lateralorbitofrontal,3.5564,3.53168
OAS30060_ses-d0074_run-01,lh,lh-lingual,2.49979,2.49052
OAS30060_ses-d0074_run-01,lh,lh-medialorbitofrontal,3.05856,3.02503
OAS30060_ses-d0074_run-01,lh,lh-middletemporal,3.44628,3.44195
OAS30060_ses-d0074_run-01,lh,lh-parahippocampal,3.45565,3.4392
OAS30060_ses-d0074_run-01,lh,lh-paracentral,2.90759,2.89817
OAS30060_ses-d0074_run-01,lh,lh-parsopercularis,3.15409,3.14741
OAS30060_ses-d0074_run-01,lh,lh-parsorbitalis,3.30538,3.30538
OAS30060_ses-d0074_run-01,lh,lh-parstriangularis,2.98692,2.98692
OAS30060_ses-d0074_run-01,lh,lh-pericalcarine,2.19219,2.19205
OAS30060_ses-d0074_run-01,lh,lh-postcentral,2.54788,2.5461
OAS30060_ses-d0074_run-01,lh,lh-posteriorcingulate,3.1367,3.10683
OAS30060_ses-d0074_run-01,lh,lh-precentral,3.17364,3.17068
OAS30060_ses-d0074_run-01,lh,lh-precuneus,3.04511,3.03586
OAS30060_ses-d0074_run-01,lh,lh-rostralanteriorcingulate,3.4423,3.43076
OAS30060_ses-d0074_run-01,lh,lh-rostralmiddlefrontal,3.00933,3.00701
OAS30060_ses-d0074_run-01,lh,lh-superiorfrontal,3.39294,3.38509
OAS30060_ses-d0074_run-01,lh,lh-superiorparietal,2.79816,2.79648
OAS30060_ses-d0074_run-01,lh,lh-superiortemporal,3.1065,3.10229
OAS30060_ses-d0074_run-01,lh,lh-supramarginal,3.17505,3.17505
OAS30060_ses-d0074_run-01,lh,lh-frontalpole,3.13106,3.13106
OAS30060_ses-d0074_run-01,lh,lh-temporalpole,3.89146,3.88576
OAS30060_ses-d0074_run-01,lh,lh-transversetemporal,2.86769,2.86816
OAS30060_ses-d0074_run-01,lh,lh-insula,3.76266,3.7613
OAS30060_ses-d0074_run-01,rh,rh-bankssts,3.19648,3.12155
OAS30060_ses-d0074_run-01,rh,rh-caudalanteriorcingulate,2.79346,2.77588
OAS30060_ses-d0074_run-01,rh,rh-caudalmiddlefrontal,3.02484,3.02484
OAS30060_ses-d0074_run-01,rh,rh-cuneus,2.40934,2.39958
OAS30060_ses-d0074_run-01,rh,rh-entorhinal,4.13112,4.08159
OAS30060_ses-d0074_run-01,rh,rh-fusiform,3.40774,3.34103
OAS30060_ses-d0074_run-01,rh,rh-inferiorparietal,3.19232,3.18973
OAS30060_ses-d0074_run-01,rh,rh-inferiortemporal,3.57422,3.54666
OAS30060_ses-d0074_run-01,rh,rh-isthmuscingulate,3.02034,3.01131
OAS30060_ses-d0074_run-01,rh,rh-lateraloccipital,2.98846,2.96867
OAS30060_ses-d0074_run-01,rh,rh-lateralorbitofrontal,3.4193,3.40351
OAS30060_ses-d0074_run-01,rh,rh-lingual,2.52955,2.51134
OAS30060_ses-d0074_run-01,rh,rh-medialorbitofrontal,3.27572,3.26212
OAS30060_ses-d0074_run-01,rh,rh-middletemporal,3.61358,3.58503
OAS30060_ses-d0074_run-01,rh,rh-parahippocampal,3.31103,3.23419
OAS30060_ses-d0074_run-01,rh,rh-paracentral,2.94689,2.94238
OAS30060_ses-d0074_run-01,rh,rh-parsopercularis,3.09216,3.08856
OAS30060_ses-d0074_run-01,rh,rh-parsorbitalis,3.38572,3.38572
OAS30060_ses-d0074_run-01,rh,rh-parstriangularis,3.04946,3.04946
OAS30060_ses-d0074_run-01,rh,rh-pericalcarine,2.23995,2.23614
OAS30060_ses-d0074_run-01,rh,rh-postcentral,2.5214,2.5214
OAS30060_ses-d0074_run-01,rh,rh-posteriorcingulate,3.13243,3.12028
OAS30060_ses-d0074_run-01,rh,rh-precentral,3.07921,3.07472
OAS30060_ses-d0074_run-01,rh,rh-precuneus,3.15688,3.14934
OAS30060_ses-d0074_run-01,rh,rh-rostralanteriorcingulate,3.39807,3.39333
OAS30060_ses-d0074_run-01,rh,rh-rostralmiddlefrontal,3.12768,3.12374
OAS30060_ses-d0074_run-01,rh,rh-superiorfrontal,3.32664,3.32277
OAS30060_ses-d0074_run-01,rh,rh-superiorparietal,2.81351,2.81284
OAS30060_ses-d0074_run-01,rh,rh-superiortemporal,3.23862,3.2293
OAS30060_ses-d0074_run-01,rh,rh-supramarginal,3.17032,3.15823
OAS30060_ses-d0074_run-01,rh,rh-frontalpole,3.45201,3.45201
OAS30060_ses-d0074_run-01,rh,rh-temporalpole,4.30768,4.29933
OAS30060_ses-d0074_run-01,rh,rh-transversetemporal,2.96991,2.96991
OAS30060_ses-d0074_run-01,rh,rh-insula,3.85577,3.85293
OAS30060_ses-d0074_run-02,lh,lh-bankssts,3.14131,3.13767
OAS30060_ses-d0074_run-02,lh,lh-caudalanteriorcingulate,3.32068,3.3
OAS30060_ses-d0074_run-02,lh,lh-caudalmiddlefrontal,3.17373,3.16968
OAS30060_ses-d0074_run-02,lh,lh-cuneus,2.50014,2.50022
OAS30060_ses-d0074_run-02,lh,lh-entorhinal,4.12821,4.12913
OAS30060_ses-d0074_run-02,lh,lh-fusiform,3.46782,3.43788
OAS30060_ses-d0074_run-02,lh,lh-inferiorparietal,3.12963,3.1283
OAS30060_ses-d0074_run-02,lh,lh-inferiortemporal,3.41454,3.38674
OAS30060_ses-d0074_run-02,lh,lh-isthmuscingulate,2.79656,2.77857
OAS30060_ses-d0074_run-02,lh,lh-lateraloccipital,2.96893,2.95135
OAS30060_ses-d0074_run-02,lh,lh-lateralorbitofrontal,3.52486,3.50536
OAS30060_ses-d0074_run-02,lh,lh-lingual,2.49128,2.48212
OAS30060_ses-d0074_run-02,lh,lh-medialorbitofrontal,2.98088,2.95318
OAS30060_ses-d0074_run-02,lh,lh-middletemporal,3.40527,3.39574
OAS30060_ses-d0074_run-02,lh,lh-parahippocampal,3.44267,3.41488
OAS30060_ses-d0074_run-02,lh,lh-paracentral,2.87603,2.86506
OAS30060_ses-d0074_run-02,lh,lh-parsopercularis,3.13684,3.13073
OAS30060_ses-d0074_run-02,lh,lh-parsorbitalis,3.28531,3.28531
OAS30060_ses-d0074_run-02,lh,lh-parstriangularis,2.95395,2.95395
OAS30060_ses-d0074_run-02,lh,lh-pericalcarine,2.18413,2.18424
OAS30060_ses-d0074_run-02,lh,lh-postcentral,2.5512,2.54871
OAS30060_ses-d0074_run-02,lh,lh-posteriorcingulate,3.1283,3.09926
OAS30060_ses-d0074_run-02,lh,lh-precentral,3.18943,3.18506
OAS30060_ses-d0074_run-02,lh,lh-precuneus,3.04232,3.03344
OAS30060_ses-d0074_run-02,lh,lh-rostralanteriorcingulate,3.27727,3.26837
OAS30060_ses-d0074_run-02,lh,lh-rostralmiddlefrontal,2.97978,2.97978
OAS30060_ses-d0074_run-02,lh,lh-superiorfrontal,3.37195,3.3636
OAS30060_ses-d0074_run-02,lh,lh-superiorparietal,2.78936,2.78668
OAS30060_ses-d0074_run-02,lh,lh-superiortemporal,3.09174,3.08669
OAS30060_ses-d0074_run-02,lh,lh-supramarginal,3.18283,3.18198
OAS30060_ses-d0074_run-02,lh,lh-frontalpole,3.05872,3.05872
OAS30060_ses-d0074_run-02,lh,lh-temporalpole,3.98387,3.94626
OAS30060_ses-d0074_run-02,lh,lh-transversetemporal,2.8461,2.8461
OAS30060_ses-d0074_run-02,lh,lh-insula,3.73784,3.73634
OAS30060_ses-d0074_run-02,rh,rh-bankssts,3.17823,3.08697
OAS30060_ses-d0074_run-02,rh,rh-caudalanteriorcingulate,2.85631,2.84081
OAS30060_ses-d0074_run-02,rh,rh-caudalmiddlefrontal,3.00973,3.00973
OAS30060_ses-d0074_run-02,rh,rh-cuneus,2.4182,2.41542
OAS30060_ses-d0074_run-02,rh,rh-entorhinal,4.09515,4.00167
OAS30060_ses-d0074_run-02,rh,rh-fusiform,3.39333,3.31805
OAS30060_ses-d0074_run-02,rh,rh-inferiorparietal,3.2032,3.19527
OAS30060_ses-d0074_run-02,rh,rh-inferiortemporal,3.58689,3.56169
OAS30060_ses-d0074_run-02,rh,rh-isthmuscingulate,2.91372,2.90638
OAS30060_ses-d0074_run-02,rh,rh-lateraloccipital,2.98767,2.97173
OAS30060_ses-d0074_run-02,rh,rh-lateralorbitofrontal,3.50331,3.48906
OAS30060_ses-d0074_run-02,rh,rh-lingual,2.49354,2.47054
OAS30060_ses-d0074_run-02,rh,rh-medialorbitofrontal,3.22923,3.2092
OAS30060_ses-d0074_run-02,rh,rh-middletemporal,3.64077,3.61603
OAS30060_ses-d0074_run-02,rh,rh-parahippocampal,3.33938,3.27529
OAS30060_ses-d0074_run-02,rh,rh-paracentral,3.01163,2.99857
OAS30060_ses-d0074_run-02,rh,rh-parsopercularis,3.03031,3.03031
OAS30060_ses-d0074_run-02,rh,rh-parsorbitalis,3.35024,3.35024
OAS30060_ses-d0074_run-02,rh,rh-parstriangularis,3.05949,3.05949
OAS30060_ses-d0074_run-02,rh,rh-pericalcarine,2.26724,2.26062
OAS30060_ses-d0074_run-02,rh,rh-postcentral,2.49703,2.49706
OAS30060_ses-d0074_run-02,rh,rh-posteriorcingulate,3.14656,3.13743
OAS30060_ses-d0074_run-02,rh,rh-precentral,3.04069,3.03517
OAS30060_ses-d0074_run-02,rh,rh-precuneus,3.1439,3.13667
OAS30060_ses-d0074_run-02,rh,rh-rostralanteriorcingulate,3.36529,3.35867
OAS30060_ses-d0074_run-02,rh,rh-rostralmiddlefrontal,3.10681,3.10408
OAS30060_ses-d0074_run-02,rh,rh-superiorfrontal,3.31424,3.31078
OAS30060_ses-d0074_run-02,rh,rh-superiorparietal,2.80011,2.79891
OAS30060_ses-d0074_run-02,rh,rh-superiortemporal,3.24456,3.23586
OAS30060_ses-d0074_run-02,rh,rh-supramarginal,3.19595,3.19021
OAS30060_ses-d0074_run-02,rh,rh-frontalpole,3.29625,3.29625
OAS30060_ses-d0074_run-02,rh,rh-temporalpole,4.37214,4.3631
OAS30060_ses-d0074_run-02,rh,rh-transversetemporal,2.90389,2.90389
OAS30060_ses-d0074_run-02,rh,rh-insula,3.73297,3.73294
OAS30097_ses-d0504_run-01,lh,lh-bankssts,2.82726,2.78492
OAS30097_ses-d0504_run-01,lh,lh-caudalanteriorcingulate,3.01247,3.0109
OAS30097_ses-d0504_run-01,lh,lh-caudalmiddlefrontal,3.05174,3.03128
OAS30097_ses-d0504_run-01,lh,lh-cuneus,2.31265,2.30231
OAS30097_ses-d0504_run-01,lh,lh-entorhinal,4.44865,4.3747
OAS30097_ses-d0504_run-01,lh,lh-fusiform,3.53365,3.46755
OAS30097_ses-d0504_run-01,lh,lh-inferiorparietal,3.00934,2.98892
OAS30097_ses-d0504_run-01,lh,lh-inferiortemporal,3.53062,3.45994
OAS30097_ses-d0504_run-01,lh,lh-isthmuscingulate,2.74929,2.73631
OAS30097_ses-d0504_run-01,lh,lh-lateraloccipital,2.75798,2.74159
OAS30097_ses-d0504_run-01,lh,lh-lateralorbitofrontal,3.30938,3.28749
OAS30097_ses-d0504_run-01,lh,lh-lingual,2.54122,2.52329
OAS30097_ses-d0504_run-01,lh,lh-medialorbitofrontal,2.88844,2.87176
OAS30097_ses-d0504_run-01,lh,lh-middletemporal,3.5911,3.55443
OAS30097_ses-d0504_run-01,lh,lh-parahippocampal,3.71909,3.61402
OAS30097_ses-d0504_run-01,lh,lh-paracentral,2.92493,2.90767
OAS30097_ses-d0504_run-01,lh,lh-parsopercularis,3.10745,3.10745
OAS30097_ses-d0504_run-01,lh,lh-parsorbitalis,3.46202,3.4584
OAS30097_ses-d0504_run-01,lh,lh-parstriangularis,2.89829,2.89133
OAS30097_ses-d0504_run-01,lh,lh-pericalcarine,2.08927,2.08711
OAS30097_ses-d0504_run-01,lh,lh-postcentral,2.55585,2.55
OAS30097_ses-d0504_run-01,lh,lh-posteriorcingulate,2.87757,2.86894
OAS30097_ses-d0504_run-01,lh,lh-precentral,2.94458,2.9353
OAS30097_ses-d0504_run-01,lh,lh-precuneus,3.14659,3.12453
OAS30097_ses-d0504_run-01,lh,lh-rostralanteriorcingulate,3.70331,3.69282
OAS30097_ses-d0504_run-01,lh,lh-rostralmiddlefrontal,2.97422,2.97023
OAS30097_ses-d0504_run-01,lh,lh-superiorfrontal,3.33211,3.32475
OAS30097_ses-d0504_run-01,lh,lh-superiorparietal,2.95526,2.93086
OAS30097_ses-d0504_run-01,lh,lh-superiortemporal,3.4753,3.46337
OAS30097_ses-d0504_run-01,lh,lh-supramarginal,3.06914,3.0652
OAS30097_ses-d0504_run-01,lh,lh-frontalpole,3.43501,3.43501
OAS30097_ses-d0504_run-01,lh,lh-temporalpole,4.2843,4.28062
OAS30097_ses-d0504_run-01,lh,lh-transversetemporal,3.01507,3.01507
OAS30097_ses-d0504_run-01,lh,lh-insula,3.87555,3.86115
OAS30097_ses-d0504_run-01,rh,rh-bankssts,3.09472,3.04111
OAS30097_ses-d0504_run-01,rh,rh-caudalanteriorcingulate,3.34262,3.34262
OAS30097_ses-d0504_run-01,rh,rh-caudalmiddlefrontal,3.11236,3.0906
OAS30097_ses-d0504_run-01,rh,rh-cuneus,2.33011,2.31927
OAS30097_ses-d0504_run-01,rh,rh-entorhinal,4.24232,4.13956
OAS30097_ses-d0504_run-01,rh,rh-fusiform,3.56347,3.50048
OAS30097_ses-d0504_run-01,rh,rh-inferiorparietal,3.10982,3.07358
OAS30097_ses-d0504_run-01,rh,rh-inferiortemporal,3.49799,3.42897
OAS30097_ses-d0504_run-01,rh,rh-isthmuscingulate,2.55088,2.53671
OAS30097_ses-d0504_run-01,rh,rh-lateraloccipital,2.85296,2.83203
OAS30097_ses-d0504_run-01,rh,rh-lateralorbitofrontal,3.30945,3.30332
OAS30097_ses-d0504_run-01,rh,rh-lingual,2.58566,2.56849
OAS30097_ses-d0504_run-01,rh,rh-medialorbitofrontal,3.02184,3.01449
OAS30097_ses-d0504_run-01,rh,rh-middletemporal,3.43348,3.38995
OAS30097_ses-d0504_run-01,rh,rh-parahippocampal,3.43439,3.40179
OAS30097_ses-d0504_run-01,rh,rh-paracentral,2.96077,2.95483
OAS30097_ses-d0504_run-01,rh,rh-parsopercularis,2.98952,2.98923
OAS30097_ses-d0504_run-01,rh,rh-parsorbitalis,3.25267,3.25267
OAS30097_ses-d0504_run-01,rh,rh-parstriangularis,2.91985,2.91868
OAS30097_ses-d0504_run-01,rh,rh-pericalcarine,2.12075,2.11823
OAS30097_ses-d0504_run-01,rh,rh-postcentral,2.48303,2.47853
OAS30097_ses-d0504_run-01,rh,rh-posteriorcingulate,2.98272,2.98364
OAS30097_ses-d0504_run-01,rh,rh-precentral,2.93704,2.92646
OAS30097_ses-d0504_run-01,rh,rh-precuneus,3.20459,3.18232
OAS30097_ses-d0504_run-01,rh,rh-rostralanteriorcingulate,3.33596,3.33601
OAS30097_ses-d0504_run-01,rh,rh-rostralmiddlefrontal,2.85465,2.85465
OAS30097_ses-d0504_run-01,rh,rh-superiorfrontal,3.32376,3.31971
OAS30097_ses-d0504_run-01,rh,rh-superiorparietal,2.99397,2.94731
OAS30097_ses-d0504_run-01,rh,rh-superiortemporal,3.3018,3.29745
OAS30097_ses-d0504_run-01,rh,rh-supramarginal,3.08236,3.07472
OAS30097_ses-d0504_run-01,rh,rh-frontalpole,3.37143,3.37143
OAS30097_ses-d0504_run-01,rh,rh-temporalpole,4.27784,4.27481
OAS30097_ses-d0504_run-01,rh,rh-transversetemporal,2.8794,2.8794
OAS30097_ses-d0504_run-01,rh,rh-insula,3.75101,3.75069
OAS30097_ses-d0504_run-02,lh,lh-bankssts,2.83948,2.77594
OAS30097_ses-d0504_run-02,lh,lh-caudalanteriorcingulate,3.04853,3.04296
OAS30097_ses-d0504_run-02,lh,lh-caudalmiddlefrontal,2.96712,2.95215
OAS30097_ses-d0504_run-02,lh,lh-cuneus,2.25559,2.25183
OAS30097_ses-d0504_run-02,lh,lh-entorhinal,4.37881,4.30028
OAS30097_ses-d0504_run-02,lh,lh-fusiform,3.6054,3.54405
OAS30097_ses-d0504_run-02,lh,lh-inferiorparietal,2.97835,2.96063
OAS30097_ses-d0504_run-02,lh,lh-inferiortemporal,3.55346,3.48663
OAS30097_ses-d0504_run-02,lh,lh-isthmuscingulate,2.75791,2.75309
OAS30097_ses-d0504_run-02,lh,lh-lateraloccipital,2.69134,2.67379
OAS30097_ses-d0504_run-02,lh,lh-lateralorbitofrontal,3.30003,3.2853
OAS30097_ses-d0504_run-02,lh,lh-lingual,2.64448,2.62026
OAS30097_ses-d0504_run-02,lh,lh-medialorbitofrontal,2.89681,2.87618
OAS30097_ses-d0504_run-02,lh,lh-middletemporal,3.61295,3.57333
OAS30097_ses-d0504_run-02,lh,lh-parahippocampal,3.8978,3.81071
OAS30097_ses-d0504_run-02,lh,lh-paracentral,3.02902,3.01429
OAS30097_ses-d0504_run-02,lh,lh-parsopercularis,3.01883,3.01374
OAS30097_ses-d0504_run-02,lh,lh-parsorbitalis,3.4477,3.4389
OAS30097_ses-d0504_run-02,lh,lh-parstriangularis,2.85616,2.84424
OAS30097_ses-d0504_run-02,lh,lh-pericalcarine,2.119,2.119
OAS30097_ses-d0504_run-02,lh,lh-postcentral,2.45941,2.44828
OAS30097_ses-d0504_run-02,lh,lh-posteriorcingulate,2.91462,2.89912
OAS30097_ses-d0504_run-02,lh,lh-precentral,2.81787,2.80782
OAS30097_ses-d0504_run-02,lh,lh-precuneus,3.06186,3.02971
OAS30097_ses-d0504_run-02,lh,lh-rostralanteriorcingulate,3.60701,3.60855
OAS30097_ses-d0504_run-02,lh,lh-rostralmiddlefrontal,2.93186,2.92445
OAS30097_ses-d0504_run-02,lh,lh-superiorfrontal,3.27918,3.27164
OAS30097_ses-d0504_run-02,lh,lh-superiorparietal,2.90536,2.87379
OAS30097_ses-d0504_run-02,lh,lh-superiortemporal,3.43042,3.41725
OAS30097_ses-d0504_run-02,lh,lh-supramarginal,2.97526,2.97009
OAS30097_ses-d0504_run-02,lh,lh-frontalpole,3.62342,3.62342
OAS30097_ses-d0504_run-02,lh,lh-temporalpole,4.38301,4.37757
OAS30097_ses-d0504_run-02,lh,lh-transversetemporal,2.82948,2.82947
OAS30097_ses-d0504_run-02,lh,lh-insula,3.86227,3.84284
OAS30097_ses-d0504_run-02,rh,rh-bankssts,3.03062,2.97168
OAS30097_ses-d0504_run-02,rh,rh-caudalanteriorcingulate,3.29576,3.29576
OAS30097_ses-d0504_run-02,rh,rh-caudalmiddlefrontal,3.00858,2.99534
OAS30097_ses-d0504_run-02,rh,rh-cuneus,2.30532,2.29484
OAS30097_ses-d0504_run-02,rh,rh-entorhinal,4.03249,3.95283
OAS30097_ses-d0504_run-02,rh,rh-fusiform,3.4677,3.4167
OAS30097_ses-d0504_run-02,rh,rh-inferiorparietal,3.07494,3.05081
OAS30097_ses-d0504_run-02,rh,rh-inferiortemporal,3.48065,3.42009
OAS30097_ses-d0504_run-02,rh,rh-isthmuscingulate,2.34814,2.33999
OAS30097_ses-d0504_run-02,rh,rh-lateraloccipital,2.79546,2.77147
OAS30097_ses-d0504_run-02,rh,rh-lateralorbitofrontal,3.43278,3.42194
OAS30097_ses-d0504_run-02,rh,rh-lingual,2.56677,2.54528
OAS30097_ses-d0504_run-02,rh,rh-medialorbitofrontal,2.96484,2.94456
OAS30097_ses-d0504_run-02,rh,rh-middletemporal,3.41183,3.37809
OAS30097_ses-d0504_run-02,rh,rh-parahippocampal,3.46813,3.44106
OAS30097_ses-d0504_run-02,rh,rh-paracentral,2.91698,2.91081
OAS30097_ses-d0504_run-02,rh,rh-parsopercularis,2.9793,2.9793
OAS30097_ses-d0504_run-02,rh,rh-parsorbitalis,3.24387,3.24253
OAS30097_ses-d0504_run-02,rh,rh-parstriangularis,2.83893,2.83892
OAS30097_ses-d0504_run-02,rh,rh-pericalcarine,2.03142,2.03142
OAS30097_ses-d0504_run-02,rh,rh-postcentral,2.38553,2.38117
OAS30097_ses-d0504_run-02,rh,rh-posteriorcingulate,3.02031,3.02086
OAS30097_ses-d0504_run-02,rh,rh-precentral,2.77295,2.76434
OAS30097_ses-d0504_run-02,rh,rh-precuneus,3.18403,3.15886
OAS30097_ses-d0504_run-02,rh,rh-rostralanteriorcingulate,3.34368,3.33837
OAS30097_ses-d0504_run-02,rh,rh-rostralmiddlefrontal,2.79386,2.78823
OAS30097_ses-d0504_run-02,rh,rh-superiorfrontal,3.29933,3.29602
OAS30097_ses-d0504_run-02,rh,rh-superiorparietal,2.92086,2.8811
OAS30097_ses-d0504_run-02,rh,rh-superiortemporal,3.24684,3.243
OAS30097_ses-d0504_run-02,rh,rh-supramarginal,2.91234,2.90246
OAS30097_ses-d0504_run-02,rh,rh-frontalpole,3.46078,3.46078
OAS30097_ses-d0504_run-02,rh,rh-temporalpole,4.19181,4.19148
OAS30097_ses-d0504_run-02,rh,rh-transversetemporal,2.54769,2.54769
OAS30097_ses-d0504_run-02,rh,rh-insula,3.79003,3.79003
OAS30131_ses-d1901_run-01,lh,lh-bankssts,3.06906,3.04149
OAS30131_ses-d1901_run-01,lh,lh-caudalanteriorcingulate,2.96933,2.95066
OAS30131_ses-d1901_run-01,lh,lh-caudalmiddlefrontal,3.07625,3.06596
OAS30131_ses-d1901_run-01,lh,lh-cuneus,2.36682,2.36339
OAS30131_ses-d1901_run-01,lh,lh-entorhinal,4.29433,4.28132
OAS30131_ses-d1901_run-01,lh,lh-fusiform,3.52969,3.46252
OAS30131_ses-d1901_run-01,lh,lh-inferiorparietal,2.9894,2.96123
OAS30131_ses-d1901_run-01,lh,lh-inferiortemporal,3.64979,3.56576
OAS30131_ses-d1901_run-01,lh,lh-isthmuscingulate,3.16512,3.1335
OAS30131_ses-d1901_run-01,lh,lh-lateraloccipital,2.86964,2.84125
OAS30131_ses-d1901_run-01,lh,lh-lateralorbitofrontal,3.55596,3.49888
OAS30131_ses-d1901_run-01,lh,lh-lingual,2.6651,2.62371
OAS30131_ses-d1901_run-01,lh,lh-medialorbitofrontal,3.24876,3.2179
OAS30131_ses-d1901_run-01,lh,lh-middletemporal,3.62341,3.56456
OAS30131_ses-d1901_run-01,lh,lh-parahippocampal,3.57678,3.52425
OAS30131_ses-d1901_run-01,lh,lh-paracentral,2.88247,2.8722
OAS30131_ses-d1901_run-01,lh,lh-parsopercularis,3.18861,3.14675
OAS30131_ses-d1901_run-01,lh,lh-parsorbitalis,3.58191,3.56626
OAS30131_ses-d1901_run-01,lh,lh-parstriangularis,3.04046,3.03427
OAS30131_ses-d1901_run-01,lh,lh-pericalcarine,2.16644,2.16052
OAS30131_ses-d1901_run-01,lh,lh-postcentral,2.52528,2.51821
OAS30131_ses-d1901_run-01,lh,lh-posteriorcingulate,2.95182,2.93347
OAS30131_ses-d1901_run-01,lh,lh-precentral,3.06743,3.04758
OAS30131_ses-d1901_run-01,lh,lh-precuneus,2.80288,2.76132
OAS30131_ses-d1901_run-01,lh,lh-rostralanteriorcingulate,3.59441,3.55213
OAS30131_ses-d1901_run-01,lh,lh-rostralmiddlefrontal,3.13564,3.1217
OAS30131_ses-d1901_run-01,lh,lh-superiorfrontal,3.29164,3.28307
OAS30131_ses-d1901_run-01,lh,lh-superiorparietal,2.60192,2.59638
OAS30131_ses-d1901_run-01,lh,lh-superiortemporal,3.40617,3.36362
OAS30131_ses-d1901_run-01,lh,lh-supramarginal,3.0857,3.07424
OAS30131_ses-d1901_run-01,lh,lh-frontalpole,3.57093,3.57093
OAS30131_ses-d1901_run-01,lh,lh-temporalpole,4.48526,4.45423
OAS30131_ses-d1901_run-01,lh,lh-transversetemporal,2.85808,2.83908
OAS30131_ses-d1901_run-01,lh,lh-insula,3.68728,3.65379
OAS30131_ses-d1901_run-01,rh,rh-bankssts,2.99412,2.95792
OAS30131_ses-d1901_run-01,rh,rh-caudalanteriorcingulate,2.98562,2.9664
OAS30131_ses-d1901_run-01,rh,rh-caudalmiddlefrontal,3.17684,3.13291
OAS30131_ses-d1901_run-01,rh,rh-cuneus,2.48437,2.45649
OAS30131_ses-d1901_run-01,rh,rh-entorhinal,4.30715,4.26524
OAS30131_ses-d1901_run-01,rh,rh-fusiform,3.38753,3.29138
OAS30131_ses-d1901_run-01,rh,rh-inferiorparietal,3.28434,3.24317
OAS30131_ses-d1901_run-01,rh,rh-inferiortemporal,3.74919,3.6625
OAS30131_ses-d1901_run-01,rh,rh-isthmuscingulate,3.25636,3.20472
OAS30131_ses-d1901_run-01,rh,rh-lateraloccipital,2.99632,2.93625
OAS30131_ses-d1901_run-01,rh,rh-lateralorbitofrontal,3.35148,3.34098
OAS30131_ses-d1901_run-01,rh,rh-lingual,2.76092,2.71399
OAS30131_ses-d1901_run-01,rh,rh-medialorbitofrontal,3.02512,3.01642
OAS30131_ses-d1901_run-01,rh,rh-middletemporal,3.74161,3.65879
OAS30131_ses-d1901_run-01,rh,rh-parahippocampal,3.52869,3.4334
OAS30131_ses-d1901_run-01,rh,rh-paracentral,3.0717,3.06027
OAS30131_ses-d1901_run-01,rh,rh-parsopercularis,3.11708,3.08995
OAS30131_ses-d1901_run-01,rh,rh-parsorbitalis,3.26369,3.26365
OAS30131_ses-d1901_run-01,rh,rh-parstriangularis,3.22161,3.21466
OAS30131_ses-d1901_run-01,rh,rh-pericalcarine,2.01021,1.9939
OAS30131_ses-d1901_run-01,rh,rh-postcentral,2.68688,2.67313
OAS30131_ses-d1901_run-01,rh,rh-posteriorcingulate,3.1565,3.13982
OAS30131_ses-d1901_run-01,rh,rh-precentral,3.1471,3.11531
OAS30131_ses-d1901_run-01,rh,rh-precuneus,2.96705,2.91436
OAS30131_ses-d1901_run-01,rh,rh-rostralanteriorcingulate,3.26387,3.259
OAS30131_ses-d1901_run-01,rh,rh-rostralmiddlefrontal,3.09538,3.09177
OAS30131_ses-d1901_run-01,rh,rh-superiorfrontal,3.30846,3.30305
OAS30131_ses-d1901_run-01,rh,rh-superiorparietal,2.64643,2.6358
OAS30131_ses-d1901_run-01,rh,rh-superiortemporal,3.47186,3.44331
OAS30131_ses-d1901_run-01,rh,rh-supramarginal,3.14746,3.08817
OAS30131_ses-d1901_run-01,rh,rh-frontalpole,3.38574,3.38574
OAS30131_ses-d1901_run-01,rh,rh-temporalpole,4.71159,4.68519
OAS30131_ses-d1901_run-01,rh,rh-transversetemporal,2.82068,2.78111
OAS30131_ses-d1901_run-01,rh,rh-insula,3.83547,3.80993
OAS30131_ses-d1901_run-02,lh,lh-bankssts,3.1324,3.08073
OAS30131_ses-d1901_run-02,lh,lh-caudalanteriorcingulate,3.05231,3.01414
OAS30131_ses-d1901_run-02,lh,lh-caudalmiddlefrontal,3.12645,3.1166
OAS30131_ses-d1901_run-02,lh,lh-cuneus,2.6652,2.66482
OAS30131_ses-d1901_run-02,lh,lh-entorhinal,4.29958,4.25049
OAS30131_ses-d1901_run-02,lh,lh-fusiform,3.62026,3.53419
OAS30131_ses-d1901_run-02,lh,lh-inferiorparietal,3.14739,3.10927
OAS30131_ses-d1901_run-02,lh,lh-inferiortemporal,3.65604,3.56787
OAS30131_ses-d1901_run-02,lh,lh-isthmuscingulate,3.09961,3.07133
OAS30131_ses-d1901_run-02,lh,lh-lateraloccipital,2.95643,2.90633
OAS30131_ses-d1901_run-02,lh,lh-lateralorbitofrontal,3.51426,3.45335
OAS30131_ses-d1901_run-02,lh,lh-lingual,2.83879,2.79199
OAS30131_ses-d1901_run-02,lh,lh-medialorbitofrontal,3.28169,3.24674
OAS30131_ses-d1901_run-02,lh,lh-middletemporal,3.643,3.5885
OAS30131_ses-d1901_run-02,lh,lh-parahippocampal,3.6389,3.5807
OAS30131_ses-d1901_run-02,lh,lh-paracentral,3.0555,3.04876
OAS30131_ses-d1901_run-02,lh,lh-parsopercularis,3.19667,3.15787
OAS30131_ses-d1901_run-02,lh,lh-parsorbitalis,3.55637,3.52429
OAS30131_ses-d1901_run-02,lh,lh-parstriangularis,3.04388,3.02948
OAS30131_ses-d1901_run-02,lh,lh-pericalcarine,2.38567,2.37693
OAS30131_ses-d1901_run-02,lh,lh-postcentral,2.68224,2.67513
OAS30131_ses-d1901_run-02,lh,lh-posteriorcingulate,3.05452,3.04213
OAS30131_ses-d1901_run-02,lh,lh-precentral,3.23342,3.21633
OAS30131_ses-d1901_run-02,lh,lh-precuneus,3.00679,2.9724
OAS30131_ses-d1901_run-02,lh,lh-rostralanteriorcingulate,3.4716,3.43922
OAS30131_ses-d1901_run-02,lh,lh-rostralmiddlefrontal,3.15097,3.12904
OAS30131_ses-d1901_run-02,lh,lh-superiorfrontal,3.30974,3.30234
OAS30131_ses-d1901_run-02,lh,lh-superiorparietal,2.78092,2.77719
OAS30131_ses-d1901_run-02,lh,lh-superiortemporal,3.43252,3.38539
OAS30131_ses-d1901_run-02,lh,lh-supramarginal,3.19078,3.16264
OAS30131_ses-d1901_run-02,lh,lh-frontalpole,3.47813,3.47813
OAS30131_ses-d1901_run-02,lh,lh-temporalpole,4.31582,4.31587
OAS30131_ses-d1901_run-02,lh,lh-transversetemporal,2.94685,2.91461
OAS30131_ses-d1901_run-02,lh,lh-insula,3.73826,3.70146
OAS30131_ses-d1901_run-02,rh,rh-bankssts,3.14406,3.09628
OAS30131_ses-d1901_run-02,rh,rh-caudalanteriorcingulate,2.98027,2.9588
OAS30131_ses-d1901_run-02,rh,rh-caudalmiddlefrontal,3.17079,3.14864
OAS30131_ses-d1901_run-02,rh,rh-cuneus,2.67552,2.64012
OAS30131_ses-d1901_run-02,rh,rh-entorhinal,4.38923,4.33584
OAS30131_ses-d1901_run-02,rh,rh-fusiform,3.49182,3.3867
OAS30131_ses-d1901_run-02,rh,rh-inferiorparietal,3.36973,3.32457
OAS30131_ses-d1901_run-02,rh,rh-inferiortemporal,3.79216,3.71483
OAS30131_ses-d1901_run-02,rh,rh-isthmuscingulate,3.14273,3.10032
OAS30131_ses-d1901_run-02,rh,rh-lateraloccipital,3.06935,3.01082
OAS30131_ses-d1901_run-02,rh,rh-lateralorbitofrontal,3.39473,3.36564
OAS30131_ses-d1901_run-02,rh,rh-lingual,2.87979,2.82473
OAS30131_ses-d1901_run-02,rh,rh-medialorbitofrontal,3.07341,3.0582
OAS30131_ses-d1901_run-02,rh,rh-middletemporal,3.69652,3.6296
OAS30131_ses-d1901_run-02,rh,rh-parahippocampal,3.40406,3.31194
OAS30131_ses-d1901_run-02,rh,rh-paracentral,3.10497,3.09306
OAS30131_ses-d1901_run-02,rh,rh-parsopercularis,3.09126,3.05728
OAS30131_ses-d1901_run-02,rh,rh-parsorbitalis,3.40308,3.40338
OAS30131_ses-d1901_run-02,rh,rh-parstriangularis,3.19831,3.19563
OAS30131_ses-d1901_run-02,rh,rh-pericalcarine,2.20327,2.18759
OAS30131_ses-d1901_run-02,rh,rh-postcentral,2.76729,2.75942
OAS30131_ses-d1901_run-02,rh,rh-posteriorcingulate,3.10933,3.09078
OAS30131_ses-d1901_run-02,rh,rh-precentral,3.21399,3.18865
OAS30131_ses-d1901_run-02,rh,rh-precuneus,3.07196,3.03421
OAS30131_ses-d1901_run-02,rh,rh-rostralanteriorcingulate,3.34853,3.33544
OAS30131_ses-d1901_run-02,rh,rh-rostralmiddlefrontal,3.11069,3.10992
OAS30131_ses-d1901_run-02,rh,rh-superiorfrontal,3.31691,3.31201
OAS30131_ses-d1901_run-02,rh,rh-superiorparietal,2.849,2.83496
OAS30131_ses-d1901_run-02,rh,rh-superiortemporal,3.45679,3.43094
OAS30131_ses-d1901_run-02,rh,rh-supramarginal,3.1896,3.1516
OAS30131_ses-d1901_run-02,rh,rh-frontalpole,3.39358,3.39358
OAS30131_ses-d1901_run-02,rh,rh-temporalpole,4.50991,4.47909
OAS30131_ses-d1901_run-02,rh,rh-transversetemporal,2.80225,2.7646
OAS30131_ses-d1901_run-02,rh,rh-insula,3.86362,3.83667
OAS30165_ses-d0563_run-01,lh,lh-bankssts,3.24347,3.15762
OAS30165_ses-d0563_run-01,lh,lh-caudalanteriorcingulate,2.77218,2.60441
OAS30165_ses-d0563_run-01,lh,lh-caudalmiddlefrontal,3.13478,3.11929
OAS30165_ses-d0563_run-01,lh,lh-cuneus,2.45679,2.43379
OAS30165_ses-d0563_run-01,lh,lh-entorhinal,2.33,2.33
OAS30165_ses-d0563_run-01,lh,lh-fusiform,3.26083,3.22812
OAS30165_ses-d0563_run-01,lh,lh-inferiorparietal,2.95864,2.94548
OAS30165_ses-d0563_run-01,lh,lh-inferiortemporal,3.55325,3.50881
OAS30165_ses-d0563_run-01,lh,lh-isthmuscingulate,2.91782,2.89393
OAS30165_ses-d0563_run-01,lh,lh-lateraloccipital,2.82367,2.79517
OAS30165_ses-d0563_run-01,lh,lh-lateralorbitofrontal,3.56497,3.54055
OAS30165_ses-d0563_run-01,lh,lh-lingual,2.79106,2.74724
OAS30165_ses-d0563_run-01,lh,lh-medialorbitofrontal,3.07131,3.03036
OAS30165_ses-d0563_run-01,lh,lh-middletemporal,3.40391,3.35743
OAS30165_ses-d0563_run-01,lh,lh-parahippocampal,2.85718,2.81756
OAS30165_ses-d0563_run-01,lh,lh-paracentral,2.8239,2.82405
OAS30165_ses-d0563_run-01,lh,lh-parsopercularis,3.14049,3.13098
OAS30165_ses-d0563_run-01,lh,lh-parsorbitalis,3.65325,3.61326
OAS30165_ses-d0563_run-01,lh,lh-parstriangularis,3.0523,3.04041
OAS30165_ses-d0563_run-01,lh,lh-pericalcarine,2.2248,2.21143
OAS30165_ses-d0563_run-01,lh,lh-postcentral,2.66943,2.66389
OAS30165_ses-d0563_run-01,lh,lh-posteriorcingulate,2.88761,2.86745
OAS30165_ses-d0563_run-01,lh,lh-precentral,3.07021,3.06425
OAS30165_ses-d0563_run-01,lh,lh-precuneus,2.89078,2.86567
OAS30165_ses-d0563_run-01,lh,lh-rostralanteriorcingulate,3.41157,3.37723
OAS30165_ses-d0563_run-01,lh,lh-rostralmiddlefrontal,3.18759,3.1628
OAS30165_ses-d0563_run-01,lh,lh-superiorfrontal,3.4413,3.42086
OAS30165_ses-d0563_run-01,lh,lh-superiorparietal,2.73058,2.71557
OAS30165_ses-d0563_run-01,lh,lh-superiortemporal,3.13915,3.12114
OAS30165_ses-d0563_run-01,lh,lh-supramarginal,3.26859,3.26151
OAS30165_ses-d0563_run-01,lh,lh-frontalpole,3.74866,3.73878
OAS30165_ses-d0563_run-01,lh,lh-temporalpole,3.212,3.19138
OAS30165_ses-d0563_run-01,lh,lh-transversetemporal,3.16944,3.15112
OAS30165_ses-d0563_run-01,lh,lh-insula,3.75396,3.7271
OAS30165_ses-d0563_run-01,rh,rh-bankssts,3.27939,3.23013
OAS30165_ses-d0563_run-01,rh,rh-caudalanteriorcingulate,2.71781,2.68755
OAS30165_ses-d0563_run-01,rh,rh-caudalmiddlefrontal,3.15282,3.14313
OAS30165_ses-d0563_run-01,rh,rh-cuneus,2.33125,2.31232
OAS30165_ses-d0563_run-01,rh,rh-entorhinal,3.84379,3.84404
OAS30165_ses-d0563_run-01,rh,rh-fusiform,3.29505,3.24421
OAS30165_ses-d0563_run-01,rh,rh-inferiorparietal,3.23692,3.20301
OAS30165_ses-d0563_run-01,rh,rh-inferiortemporal,3.69577,3.62744
OAS30165_ses-d0563_run-01,rh,rh-isthmuscingulate,2.94196,2.91447
OAS30165_ses-d0563_run-01,rh,rh-lateraloccipital,2.88394,2.817
OAS30165_ses-d0563_run-01,rh,rh-lateralorbitofrontal,3.45274,3.43134
OAS30165_ses-d0563_run-01,rh,rh-lingual,2.75715,2.70197
OAS30165_ses-d0563_run-01,rh,rh-medialorbitofrontal,2.9528,2.92881
OAS30165_ses-d0563_run-01,rh,rh-middletemporal,3.68268,3.63939
OAS30165_ses-d0563_run-01,rh,rh-parahippocampal,3.36692,3.32147
OAS30165_ses-d0563_run-01,rh,rh-paracentral,2.94392,2.92806
OAS30165_ses-d0563_run-01,rh,rh-parsopercularis,3.22487,3.21417
OAS30165_ses-d0563_run-01,rh,rh-parsorbitalis,3.34386,3.34386
OAS30165_ses-d0563_run-01,rh,rh-parstriangularis,2.90152,2.90003
OAS30165_ses-d0563_run-01,rh,rh-pericalcarine,2.19072,2.16699
OAS30165_ses-d0563_run-01,rh,rh-postcentral,2.71223,2.70438
OAS30165_ses-d0563_run-01,rh,rh-posteriorcingulate,3.05074,3.01621
OAS30165_ses-d0563_run-01,rh,rh-precentral,3.02537,3.01749
OAS30165_ses-d0563_run-01,rh,rh-precuneus,3.05191,3.01563
OAS30165_ses-d0563_run-01,rh,rh-rostralanteriorcingulate,3.16669,3.14036
OAS30165_ses-d0563_run-01,rh,rh-rostralmiddlefrontal,3.16749,3.15868
OAS30165_ses-d0563_run-01,rh,rh-superiorfrontal,3.33198,3.31688
OAS30165_ses-d0563_run-01,rh,rh-superiorparietal,2.87198,2.85494
OAS30165_ses-d0563_run-01,rh,rh-superiortemporal,3.25579,3.24393
OAS30165_ses-d0563_run-01,rh,rh-supramarginal,3.29698,3.27758
OAS30165_ses-d0563_run-01,rh,rh-frontalpole,3.79563,3.79563
OAS30165_ses-d0563_run-01,rh,rh-temporalpole,3.95715,3.95715
OAS30165_ses-d0563_run-01,rh,rh-transversetemporal,3.01875,3.01699
OAS30165_ses-d0563_run-01,rh,rh-insula,3.91698,3.90288
OAS30165_ses-d0563_run-02,lh,lh-bankssts,3.26282,3.21543
OAS30165_ses-d0563_run-02,lh,lh-caudalanteriorcingulate,2.77067,2.59307
OAS30165_ses-d0563_run-02,lh,lh-caudalmiddlefrontal,3.13777,3.11478
OAS30165_ses-d0563_run-02,lh,lh-cuneus,2.42204,2.40821
OAS30165_ses-d0563_run-02,lh,lh-entorhinal,2.30558,2.30452
OAS30165_ses-d0563_run-02,lh,lh-fusiform,3.28806,3.22562
OAS30165_ses-d0563_run-02,lh,lh-inferiorparietal,2.88808,2.87917
OAS30165_ses-d0563_run-02,lh,lh-inferiortemporal,3.57129,3.50945
OAS30165_ses-d0563_run-02,lh,lh-isthmuscingulate,2.89822,2.87423
OAS30165_ses-d0563_run-02,lh,lh-lateraloccipital,2.84652,2.81727
OAS30165_ses-d0563_run-02,lh,lh-lateralorbitofrontal,3.48994,3.46806
OAS30165_ses-d0563_run-02,lh,lh-lingual,2.83437,2.79559
OAS30165_ses-d0563_run-02,lh,lh-medialorbitofrontal,2.98905,2.95733
OAS30165_ses-d0563_run-02,lh,lh-middletemporal,3.41627,3.37752
OAS30165_ses-d0563_run-02,lh,lh-parahippocampal,2.88961,2.83883
OAS30165_ses-d0563_run-02,lh,lh-paracentral,2.78841,2.77755
OAS30165_ses-d0563_run-02,lh,lh-parsopercularis,3.11627,3.10327
OAS30165_ses-d0563_run-02,lh,lh-parsorbitalis,3.51517,3.48197
OAS30165_ses-d0563_run-02,lh,lh-parstriangularis,3.05996,3.04189
OAS30165_ses-d0563_run-02,lh,lh-pericalcarine,2.28326,2.26373
OAS30165_ses-d0563_run-02,lh,lh-postcentral,2.65367,2.65001
OAS30165_ses-d0563_run-02,lh,lh-posteriorcingulate,2.94156,2.91699
OAS30165_ses-d0563_run-02,lh,lh-precentral,3.07035,3.06541
OAS30165_ses-d0563_run-02,lh,lh-precuneus,2.80939,2.79165
OAS30165_ses-d0563_run-02,lh,lh-rostralanteriorcingulate,3.44897,3.41434
OAS30165_ses-d0563_run-02,lh,lh-rostralmiddlefrontal,3.13156,3.11416
OAS30165_ses-d0563_run-02,lh,lh-superiorfrontal,3.42904,3.41491
OAS30165_ses-d0563_run-02,lh,lh-superiorparietal,2.72907,2.72112
OAS30165_ses-d0563_run-02,lh,lh-superiortemporal,3.12154,3.10312
OAS30165_ses-d0563_run-02,lh,lh-supramarginal,3.2286,3.21567
OAS30165_ses-d0563_run-02,lh,lh-frontalpole,3.65794,3.65794
OAS30165_ses-d0563_run-02,lh,lh-temporalpole,3.17774,3.14179
OAS30165_ses-d0563_run-02,lh,lh-transversetemporal,3.09903,3.08016
OAS30165_ses-d0563_run-02,lh,lh-insula,3.77286,3.7434
OAS30165_ses-d0563_run-02,rh,rh-bankssts,3.32539,3.28293
OAS30165_ses-d0563_run-02,rh,rh-caudalanteriorcingulate,2.69864,2.67331
OAS30165_ses-d0563_run-02,rh,rh-caudalmiddlefrontal,3.14056,3.1277
OAS30165_ses-d0563_run-02,rh,rh-cuneus,2.40885,2.38569
OAS30165_ses-d0563_run-02,rh,rh-entorhinal,3.71311,3.71309
OAS30165_ses-d0563_run-02,rh,rh-fusiform,3.36414,3.32269
OAS30165_ses-d0563_run-02,rh,rh-inferiorparietal,3.14201,3.12513
OAS30165_ses-d0563_run-02,rh,rh-inferiortemporal,3.70676,3.64051
OAS30165_ses-d0563_run-02,rh,rh-isthmuscingulate,2.89516,2.86104
OAS30165_ses-d0563_run-02,rh,rh-lateraloccipital,2.84295,2.79624
OAS30165_ses-d0563_run-02,rh,rh-lateralorbitofrontal,3.329,3.30828
OAS30165_ses-d0563_run-02,rh,rh-lingual,2.6972,2.64542
OAS30165_ses-d0563_run-02,rh,rh-medialorbitofrontal,2.86383,2.84763
OAS30165_ses-d0563_run-02,rh,rh-middletemporal,3.6359,3.59484
OAS30165_ses-d0563_run-02,rh,rh-parahippocampal,3.45323,3.41552
OAS30165_ses-d0563_run-02,rh,rh-paracentral,3.00142,2.99326
OAS30165_ses-d0563_run-02,rh,rh-parsopercularis,3.23278,3.22843
OAS30165_ses-d0563_run-02,rh,rh-parsorbitalis,3.25468,3.25468
OAS30165_ses-d0563_run-02,rh,rh-parstriangularis,2.88143,2.87838
OAS30165_ses-d0563_run-02,rh,rh-pericalcarine,2.32206,2.30701
OAS30165_ses-d0563_run-02,rh,rh-postcentral,2.65294,2.64748
OAS30165_ses-d0563_run-02,rh,rh-posteriorcingulate,3.03843,3.01142
OAS30165_ses-d0563_run-02,rh,rh-precentral,2.98618,2.97552
OAS30165_ses-d0563_run-02,rh,rh-precuneus,3.02314,3.0003
OAS30165_ses-d0563_run-02,rh,rh-rostralanteriorcingulate,3.27571,3.24839
OAS30165_ses-d0563_run-02,rh,rh-rostralmiddlefrontal,3.09353,3.08759
OAS30165_ses-d0563_run-02,rh,rh-superiorfrontal,3.31804,3.30162
OAS30165_ses-d0563_run-02,rh,rh-superiorparietal,2.79721,2.78623
OAS30165_ses-d0563_run-02,rh,rh-superiortemporal,3.25931,3.25028
OAS30165_ses-d0563_run-02,rh,rh-supramarginal,3.23155,3.21908
OAS30165_ses-d0563_run-02,rh,rh-frontalpole,3.22848,3.22848
OAS30165_ses-d0563_run-02,rh,rh-temporalpole,4.07166,4.05368
OAS30165_ses-d0563_run-02,rh,rh-transversetemporal,2.96863,2.96863
OAS30165_ses-d0563_run-02,rh,rh-insula,3.82024,3.81148
OAS30204_ses-d0033_run-01,lh,lh-bankssts,3.16819,3.12425
OAS30204_ses-d0033_run-01,lh,lh-caudalanteriorcingulate,3.14374,3.08505
OAS30204_ses-d0033_run-01,lh,lh-caudalmiddlefrontal,3.07966,3.05326
OAS30204_ses-d0033_run-01,lh,lh-cuneus,2.36881,2.36384
OAS30204_ses-d0033_run-01,lh,lh-entorhinal,3.90868,3.88104
OAS30204_ses-d0033_run-01,lh,lh-fusiform,3.52255,3.46571
OAS30204_ses-d0033_run-01,lh,lh-inferiorparietal,3.03424,3.00989
OAS30204_ses-d0033_run-01,lh,lh-inferiortemporal,3.5502,3.48441
OAS30204_ses-d0033_run-01,lh,lh-isthmuscingulate,2.73749,2.73137
OAS30204_ses-d0033_run-01,lh,lh-lateraloccipital,2.74803,2.7264
OAS30204_ses-d0033_run-01,lh,lh-lateralorbitofrontal,3.37932,3.34432
OAS30204_ses-d0033_run-01,lh,lh-lingual,2.60597,2.57668
OAS30204_ses-d0033_run-01,lh,lh-medialorbitofrontal,3.40273,3.37687
OAS30204_ses-d0033_run-01,lh,lh-middletemporal,3.58966,3.55225
OAS30204_ses-d0033_run-01,lh,lh-parahippocampal,2.95636,2.92957
OAS30204_ses-d0033_run-01,lh,lh-paracentral,3.13957,3.13912
OAS30204_ses-d0033_run-01,lh,lh-parsopercularis,3.09758,3.0814
OAS30204_ses-d0033_run-01,lh,lh-parsorbitalis,3.24668,3.24473
OAS30204_ses-d0033_run-01,lh,lh-parstriangularis,2.95148,2.95151
OAS30204_ses-d0033_run-01,lh,lh-pericalcarine,1.98233,1.97948
OAS30204_ses-d0033_run-01,lh,lh-postcentral,2.35104,2.35004
OAS30204_ses-d0033_run-01,lh,lh-posteriorcingulate,3.23514,3.23455
OAS30204_ses-d0033_run-01,lh,lh-precentral,3.22884,3.21916
OAS30204_ses-d0033_run-01,lh,lh-precuneus,3.00291,2.98916
OAS30204_ses-d0033_run-01,lh,lh-rostralanteriorcingulate,3.41612,3.39816
OAS30204_ses-d0033_run-01,lh,lh-rostralmiddlefrontal,3.01535,3.00892
OAS30204_ses-d0033_run-01,lh,lh-superiorfrontal,3.3799,3.37486
OAS30204_ses-d0033_run-01,lh,lh-superiorparietal,2.80178,2.79753
OAS30204_ses-d0033_run-01,lh,lh-superiortemporal,3.44275,3.43342
OAS30204_ses-d0033_run-01,lh,lh-supramarginal,3.16451,3.13553
OAS30204_ses-d0033_run-01,lh,lh-frontalpole,3.69946,3.69946
OAS30204_ses-d0033_run-01,lh,lh-temporalpole,4.41668,4.28766
OAS30204_ses-d0033_run-01,lh,lh-transversetemporal,3.07127,3.06688
OAS30204_ses-d0033_run-01,lh,lh-insula,3.8831,3.867
OAS30204_ses-d0033_run-01,rh,rh-bankssts,3.16085,3.10542
OAS30204_ses-d0033_run-01,rh,rh-caudalanteriorcingulate,2.97348,2.92352
OAS30204_ses-d0033_run-01,rh,rh-caudalmiddlefrontal,3.1337,3.12751
OAS30204_ses-d0033_run-01,rh,rh-cuneus,2.42707,2.41771
OAS30204_ses-d0033_run-01,rh,rh-entorhinal,4.09406,4.03494
OAS30204_ses-d0033_run-01,rh,rh-fusiform,3.44337,3.40176
OAS30204_ses-d0033_run-01,rh,rh-inferiorparietal,3.15853,3.14172
OAS30204_ses-d0033_run-01,rh,rh-inferiortemporal,3.4906,3.4536
OAS30204_ses-d0033_run-01,rh,rh-isthmuscingulate,2.70049,2.68507
OAS30204_ses-d0033_run-01,rh,rh-lateraloccipital,2.86552,2.85212
OAS30204_ses-d0033_run-01,rh,rh-lateralorbitofrontal,3.38397,3.34658
OAS30204_ses-d0033_run-01,rh,rh-lingual,2.5885,2.56293
OAS30204_ses-d0033_run-01,rh,rh-medialorbitofrontal,3.44781,3.43588
OAS30204_ses-d0033_run-01,rh,rh-middletemporal,3.6424,3.6029
OAS30204_ses-d0033_run-01,rh,rh-parahippocampal,3.1023,3.03446
OAS30204_ses-d0033_run-01,rh,rh-paracentral,3.16678,3.16678
OAS30204_ses-d0033_run-01,rh,rh-parsopercularis,3.1831,3.18038
OAS30204_ses-d0033_run-01,rh,rh-parsorbitalis,3.36372,3.36405
OAS30204_ses-d0033_run-01,rh,rh-parstriangularis,2.88942,2.88216
OAS30204_ses-d0033_run-01,rh,rh-pericalcarine,1.99277,1.99137
OAS30204_ses-d0033_run-01,rh,rh-postcentral,2.38306,2.38274
OAS30204_ses-d0033_run-01,rh,rh-posteriorcingulate,3.20592,3.20231
OAS30204_ses-d0033_run-01,rh,rh-precentral,3.2475,3.2395
OAS30204_ses-d0033_run-01,rh,rh-precuneus,3.01945,2.9994
OAS30204_ses-d0033_run-01,rh,rh-rostralanteriorcingulate,3.20886,3.12036
OAS30204_ses-d0033_run-01,rh,rh-rostralmiddlefrontal,3.00819,3.00673
OAS30204_ses-d0033_run-01,rh,rh-superiorfrontal,3.3969,3.38479
OAS30204_ses-d0033_run-01,rh,rh-superiorparietal,2.73905,2.73616
OAS30204_ses-d0033_run-01,rh,rh-superiortemporal,3.48404,3.47101
OAS30204_ses-d0033_run-01,rh,rh-supramarginal,3.06871,3.06786
OAS30204_ses-d0033_run-01,rh,rh-frontalpole,3.6732,3.6732
OAS30204_ses-d0033_run-01,rh,rh-temporalpole,4.54544,4.5297
OAS30204_ses-d0033_run-01,rh,rh-transversetemporal,3.21998,3.21998
OAS30204_ses-d0033_run-01,rh,rh-insula,4.13778,4.12787
OAS30204_ses-d0033_run-02,lh,lh-bankssts,3.12281,3.07443
OAS30204_ses-d0033_run-02,lh,lh-caudalanteriorcingulate,3.14027,3.11547
OAS30204_ses-d0033_run-02,lh,lh-caudalmiddlefrontal,3.01094,2.98475
OAS30204_ses-d0033_run-02,lh,lh-cuneus,2.41215,2.40819
OAS30204_ses-d0033_run-02,lh,lh-entorhinal,3.69928,3.66094
OAS30204_ses-d0033_run-02,lh,lh-fusiform,3.41565,3.3724
OAS30204_ses-d0033_run-02,lh,lh-inferiorparietal,2.99581,2.96947
OAS30204_ses-d0033_run-02,lh,lh-inferiortemporal,3.47658,3.43179
OAS30204_ses-d0033_run-02,lh,lh-isthmuscingulate,2.7525,2.75204
OAS30204_ses-d0033_run-02,lh,lh-lateraloccipital,2.76683,2.74916
OAS30204_ses-d0033_run-02,lh,lh-lateralorbitofrontal,3.31572,3.29597
OAS30204_ses-d0033_run-02,lh,lh-lingual,2.59246,2.56628
OAS30204_ses-d0033_run-02,lh,lh-medialorbitofrontal,3.5473,3.53263
OAS30204_ses-d0033_run-02,lh,lh-middletemporal,3.50294,3.47296
OAS30204_ses-d0033_run-02,lh,lh-parahippocampal,2.97812,2.94991
OAS30204_ses-d0033_run-02,lh,lh-paracentral,3.14065,3.13961
OAS30204_ses-d0033_run-02,lh,lh-parsopercularis,3.03123,3.02651
OAS30204_ses-d0033_run-02,lh,lh-parsorbitalis,3.04232,3.04232
OAS30204_ses-d0033_run-02,lh,lh-parstriangularis,2.88749,2.88693
OAS30204_ses-d0033_run-02,lh,lh-pericalcarine,1.91786,1.91795
OAS30204_ses-d0033_run-02,lh,lh-postcentral,2.39632,2.39633
OAS30204_ses-d0033_run-02,lh,lh-posteriorcingulate,3.14825,3.14195
OAS30204_ses-d0033_run-02,lh,lh-precentral,3.15939,3.15217
OAS30204_ses-d0033_run-02,lh,lh-precuneus,2.93905,2.93524
OAS30204_ses-d0033_run-02,lh,lh-rostralanteriorcingulate,3.47596,3.44748
OAS30204_ses-d0033_run-02,lh,lh-rostralmiddlefrontal,2.98845,2.98227
OAS30204_ses-d0033_run-02,lh,lh-superiorfrontal,3.37496,3.36891
OAS30204_ses-d0033_run-02,lh,lh-superiorparietal,2.74219,2.73703
OAS30204_ses-d0033_run-02,lh,lh-superiortemporal,3.33351,3.31862
OAS30204_ses-d0033_run-02,lh,lh-supramarginal,3.14019,3.13285
OAS30204_ses-d0033_run-02,lh,lh-frontalpole,3.69275,3.69275
OAS30204_ses-d0033_run-02,lh,lh-temporalpole,4.35028,4.33306
OAS30204_ses-d0033_run-02,lh,lh-transversetemporal,2.95493,2.9441
OAS30204_ses-d0033_run-02,lh,lh-insula,3.85904,3.85238
OAS30204_ses-d0033_run-02,rh,rh-bankssts,3.11553,3.04976
OAS30204_ses-d0033_run-02,rh,rh-caudalanteriorcingulate,2.85483,2.8202
OAS30204_ses-d0033_run-02,rh,rh-caudalmiddlefrontal,3.11477,3.10539
OAS30204_ses-d0033_run-02,rh,rh-cuneus,2.42743,2.41691
OAS30204_ses-d0033_run-02,rh,rh-entorhinal,3.90341,3.87381
OAS30204_ses-d0033_run-02,rh,rh-fusiform,3.42643,3.38937
OAS30204_ses-d0033_run-02,rh,rh-inferiorparietal,3.03735,3.02976
OAS30204_ses-d0033_run-02,rh,rh-inferiortemporal,3.52671,3.50787
OAS30204_ses-d0033_run-02,rh,rh-isthmuscingulate,2.60155,2.58132
OAS30204_ses-d0033_run-02,rh,rh-lateraloccipital,2.88967,2.8726
OAS30204_ses-d0033_run-02,rh,rh-lateralorbitofrontal,3.3574,3.32758
OAS30204_ses-d0033_run-02,rh,rh-lingual,2.59477,2.56857
OAS30204_ses-d0033_run-02,rh,rh-medialorbitofrontal,3.3636,3.35916
OAS30204_ses-d0033_run-02,rh,rh-middletemporal,3.55875,3.5367
OAS30204_ses-d0033_run-02,rh,rh-parahippocampal,2.95317,2.88009
OAS30204_ses-d0033_run-02,rh,rh-paracentral,3.10544,3.10548
OAS30204_ses-d0033_run-02,rh,rh-parsopercularis,3.09671,3.09409
OAS30204_ses-d0033_run-02,rh,rh-parsorbitalis,3.25221,3.2522
OAS30204_ses-d0033_run-02,rh,rh-parstriangularis,2.83507,2.83506
OAS30204_ses-d0033_run-02,rh,rh-pericalcarine,1.97995,1.97078
OAS30204_ses-d0033_run-02,rh,rh-postcentral,2.39453,2.3926
OAS30204_ses-d0033_run-02,rh,rh-posteriorcingulate,3.12008,3.12008
OAS30204_ses-d0033_run-02,rh,rh-precentral,3.16472,3.15624
OAS30204_ses-d0033_run-02,rh,rh-precuneus,2.9303,2.91758
OAS30204_ses-d0033_run-02,rh,rh-rostralanteriorcingulate,3.21728,3.18564
OAS30204_ses-d0033_run-02,rh,rh-rostralmiddlefrontal,2.95736,2.95625
OAS30204_ses-d0033_run-02,rh,rh-superiorfrontal,3.3598,3.34839
OAS30204_ses-d0033_run-02,rh,rh-superiorparietal,2.69576,2.69414
OAS30204_ses-d0033_run-02,rh,rh-superiortemporal,3.40641,3.4
OAS30204_ses-d0033_run-02,rh,rh-supramarginal,3.01729,3.01517
OAS30204_ses-d0033_run-02,rh,rh-frontalpole,3.68043,3.68043
OAS30204_ses-d0033_run-02,rh,rh-temporalpole,4.36091,4.32461
OAS30204_ses-d0033_run-02,rh,rh-transversetemporal,3.13588,3.13238
OAS30204_ses-d0033_run-02,rh,rh-insula,4.07827,4.07538
OAS30243_ses-d0034_run-01,lh,lh-bankssts,2.99368,2.99368
OAS30243_ses-d0034_run-01,lh,lh-caudalanteriorcingulate,3.07327,3.07327
OAS30243_ses-d0034_run-01,lh,lh-caudalmiddlefrontal,1.99973,1.99973
OAS30243_ses-d0034_run-01,lh,lh-cuneus,2.46591,2.46438
OAS30243_ses-d0034_run-01,lh,lh-entorhinal,2.33579,2.33579
OAS30243_ses-d0034_run-01,lh,lh-fusiform,3.04511,3.03954
OAS30243_ses-d0034_run-01,lh,lh-inferiorparietal,2.84654,2.83739
OAS30243_ses-d0034_run-01,lh,lh-inferiortemporal,3.12383,3.12328
OAS30243_ses-d0034_run-01,lh,lh-isthmuscingulate,2.72095,2.6991
OAS30243_ses-d0034_run-01,lh,lh-lateraloccipital,2.8302,2.81091
OAS30243_ses-d0034_run-01,lh,lh-lateralorbitofrontal,2.90601,2.90601
OAS30243_ses-d0034_run-01,lh,lh-lingual,2.81283,2.78999
OAS30243_ses-d0034_run-01,lh,lh-medialorbitofrontal,2.74017,2.74017
OAS30243_ses-d0034_run-01,lh,lh-middletemporal,2.96092,2.95417
OAS30243_ses-d0034_run-01,lh,lh-parahippocampal,2.95009,2.93731
OAS30243_ses-d0034_run-01,lh,lh-paracentral,3.00594,3.00458
OAS30243_ses-d0034_run-01,lh,lh-parsopercularis,2.22151,2.21871
OAS30243_ses-d0034_run-01,lh,lh-parsorbitalis,2.62659,2.62659
OAS30243_ses-d0034_run-01,lh,lh-parstriangularis,2.42433,2.4243
OAS30243_ses-d0034_run-01,lh,lh-pericalcarine,2.29453,2.2832
OAS30243_ses-d0034_run-01,lh,lh-postcentral,2.5329,2.5329
OAS30243_ses-d0034_run-01,lh,lh-posteriorcingulate,2.9537,2.95295
OAS30243_ses-d0034_run-01,lh,lh-precentral,2.87319,2.87319
OAS30243_ses-d0034_run-01,lh,lh-precuneus,3.00708,2.99923
OAS30243_ses-d0034_run-01,lh,lh-rostralanteriorcingulate,3.70364,3.6397
OAS30243_ses-d0034_run-01,lh,lh-rostralmiddlefrontal,2.6493,2.64902
OAS30243_ses-d0034_run-01,lh,lh-superiorfrontal,2.79099,2.78249
OAS30243_ses-d0034_run-01,lh,lh-superiorparietal,2.82045,2.81765
OAS30243_ses-d0034_run-01,lh,lh-superiortemporal,2.87225,2.87223
OAS30243_ses-d0034_run-01,lh,lh-supramarginal,3.02653,3.02407
OAS30243_ses-d0034_run-01,lh,lh-frontalpole,3.23999,3.23999
OAS30243_ses-d0034_run-01,lh,lh-temporalpole,3.25692,3.25692
OAS30243_ses-d0034_run-01,lh,lh-transversetemporal,2.80412,2.80412
OAS30243_ses-d0034_run-01,lh,lh-insula,3.25598,3.25598
OAS30243_ses-d0034_run-01,rh,rh-bankssts,2.86785,2.82362
OAS30243_ses-d0034_run-01,rh,rh-caudalanteriorcingulate,2.85803,2.85028
OAS30243_ses-d0034_run-01,rh,rh-caudalmiddlefrontal,2.69518,2.69518
OAS30243_ses-d0034_run-01,rh,rh-cuneus,2.46378,2.45521
OAS30243_ses-d0034_run-01,rh,rh-entorhinal,2.38065,2.38066
OAS30243_ses-d0034_run-01,rh,rh-fusiform,3.3662,3.35018
OAS30243_ses-d0034_run-01,rh,rh-inferiorparietal,3.08585,3.06979
OAS30243_ses-d0034_run-01,rh,rh-inferiortemporal,3.62685,3.5797
OAS30243_ses-d0034_run-01,rh,rh-isthmuscingulate,2.62981,2.61026
OAS30243_ses-d0034_run-01,rh,rh-lateraloccipital,2.96563,2.91541
OAS30243_ses-d0034_run-01,rh,rh-lateralorbitofrontal,3.25349,3.25349
OAS30243_ses-d0034_run-01,rh,rh-lingual,2.86627,2.83433
OAS30243_ses-d0034_run-01,rh,rh-medialorbitofrontal,3.0604,3.0604
OAS30243_ses-d0034_run-01,rh,rh-middletemporal,3.35906,3.32476
OAS30243_ses-d0034_run-01,rh,rh-parahippocampal,3.0052,2.97264
OAS30243_ses-d0034_run-01,rh,rh-paracentral,2.92596,2.914
OAS30243_ses-d0034_run-01,rh,rh-parsopercularis,3.0432,3.0432
OAS30243_ses-d0034_run-01,rh,rh-parsorbitalis,3.08917,3.08917
OAS30243_ses-d0034_run-01,rh,rh-parstriangularis,2.67937,2.67937
OAS30243_ses-d0034_run-01,rh,rh-pericalcarine,2.24689,2.22625
OAS30243_ses-d0034_run-01,rh,rh-postcentral,2.47577,2.47326
OAS30243_ses-d0034_run-01,rh,rh-posteriorcingulate,3.13042,3.11727
OAS30243_ses-d0034_run-01,rh,rh-precentral,2.83618,2.83587
OAS30243_ses-d0034_run-01,rh,rh-precuneus,3.12285,3.10392
OAS30243_ses-d0034_run-01,rh,rh-rostralanteriorcingulate,3.25471,3.25471
OAS30243_ses-d0034_run-01,rh,rh-rostralmiddlefrontal,2.94235,2.9368
OAS30243_ses-d0034_run-01,rh,rh-superiorfrontal,2.97844,2.97563
OAS30243_ses-d0034_run-01,rh,rh-superiorparietal,2.77553,2.77096
OAS30243_ses-d0034_run-01,rh,rh-superiortemporal,3.15341,3.14694
OAS30243_ses-d0034_run-01,rh,rh-supramarginal,2.98495,2.97232
OAS30243_ses-d0034_run-01,rh,rh-frontalpole,3.81596,3.81499
OAS30243_ses-d0034_run-01,rh,rh-temporalpole,3.73681,3.73797
OAS30243_ses-d0034_run-01,rh,rh-transversetemporal,2.68819,2.66818
OAS30243_ses-d0034_run-01,rh,rh-insula,3.49955,3.49955
OAS30243_ses-d0034_run-02,lh,lh-bankssts,2.93059,2.93058
OAS30243_ses-d0034_run-02,lh,lh-caudalanteriorcingulate,3.116,3.11692
OAS30243_ses-d0034_run-02,lh,lh-caudalmiddlefrontal,1.84016,1.84016
OAS30243_ses-d0034_run-02,lh,lh-cuneus,2.56391,2.56205
OAS30243_ses-d0034_run-02,lh,lh-entorhinal,2.31966,2.31966
OAS30243_ses-d0034_run-02,lh,lh-fusiform,3.00213,2.99184
OAS30243_ses-d0034_run-02,lh,lh-inferiorparietal,2.77205,2.7649
OAS30243_ses-d0034_run-02,lh,lh-inferiortemporal,3.11645,3.11357
OAS30243_ses-d0034_run-02,lh,lh-isthmuscingulate,2.63695,2.60924
OAS30243_ses-d0034_run-02,lh,lh-lateraloccipital,2.75397,2.73153
OAS30243_ses-d0034_run-02,lh,lh-lateralorbitofrontal,2.78562,2.78562
OAS30243_ses-d0034_run-02,lh,lh-lingual,2.74795,2.7227
OAS30243_ses-d0034_run-02,lh,lh-medialorbitofrontal,2.84661,2.84516
OAS30243_ses-d0034_run-02,lh,lh-middletemporal,2.85529,2.85359
OAS30243_ses-d0034_run-02,lh,lh-parahippocampal,3.04029,3.02578
OAS30243_ses-d0034_run-02,lh,lh-paracentral,2.96557,2.96557
OAS30243_ses-d0034_run-02,lh,lh-parsopercularis,2.06045,2.04135
OAS30243_ses-d0034_run-02,lh,lh-parsorbitalis,2.47792,2.47792
OAS30243_ses-d0034_run-02,lh,lh-parstriangularis,2.44101,2.44101
OAS30243_ses-d0034_run-02,lh,lh-pericalcarine,2.21321,2.20907
OAS30243_ses-d0034_run-02,lh,lh-postcentral,2.31317,2.31317
OAS30243_ses-d0034_run-02,lh,lh-posteriorcingulate,2.97291,2.971
OAS30243_ses-d0034_run-02,lh,lh-precentral,2.69045,2.69045
OAS30243_ses-d0034_run-02,lh,lh-precuneus,2.83029,2.81374
OAS30243_ses-d0034_run-02,lh,lh-rostralanteriorcingulate,4.004,4.00397
OAS30243_ses-d0034_run-02,lh,lh-rostralmiddlefrontal,2.54095,2.53738
OAS30243_ses-d0034_run-02,lh,lh-superiorfrontal,2.72979,2.72996
OAS30243_ses-d0034_run-02,lh,lh-superiorparietal,2.70423,2.69114
OAS30243_ses-d0034_run-02,lh,lh-superiortemporal,2.8409,2.8409
OAS30243_ses-d0034_run-02,lh,lh-supramarginal,2.95438,2.94784
OAS30243_ses-d0034_run-02,lh,lh-frontalpole,3.20703,3.20703
OAS30243_ses-d0034_run-02,lh,lh-temporalpole,2.94001,2.94001
OAS30243_ses-d0034_run-02,lh,lh-transversetemporal,2.7342,2.7342
OAS30243_ses-d0034_run-02,lh,lh-insula,3.14309,3.11386
OAS30243_ses-d0034_run-02,rh,rh-bankssts,2.79799,2.73332
OAS30243_ses-d0034_run-02,rh,rh-caudalanteriorcingulate,2.9271,2.91763
OAS30243_ses-d0034_run-02,rh,rh-caudalmiddlefrontal,2.74014,2.72932
OAS30243_ses-d0034_run-02,rh,rh-cuneus,2.34928,2.33595
OAS30243_ses-d0034_run-02,rh,rh-entorhinal,2.51732,2.51732
OAS30243_ses-d0034_run-02,rh,rh-fusiform,3.25475,3.22132
OAS30243_ses-d0034_run-02,rh,rh-inferiorparietal,2.9609,2.94162
OAS30243_ses-d0034_run-02,rh,rh-inferiortemporal,3.49082,3.44685
OAS30243_ses-d0034_run-02,rh,rh-isthmuscingulate,2.68604,2.65345
OAS30243_ses-d0034_run-02,rh,rh-lateraloccipital,2.71821,2.6793
OAS30243_ses-d0034_run-02,rh,rh-lateralorbitofrontal,3.28302,3.27508
OAS30243_ses-d0034_run-02,rh,rh-lingual,2.70723,2.67184
OAS30243_ses-d0034_run-02,rh,rh-medialorbitofrontal,3.16066,3.16066
OAS30243_ses-d0034_run-02,rh,rh-middletemporal,3.22958,3.19301
OAS30243_ses-d0034_run-02,rh,rh-parahippocampal,2.95424,2.90318
OAS30243_ses-d0034_run-02,rh,rh-paracentral,2.92223,2.88974
OAS30243_ses-d0034_run-02,rh,rh-parsopercularis,3.19452,3.18556
OAS30243_ses-d0034_run-02,rh,rh-parsorbitalis,3.04039,2.99301
OAS30243_ses-d0034_run-02,rh,rh-parstriangularis,2.928,2.92681
OAS30243_ses-d0034_run-02,rh,rh-pericalcarine,2.14363,2.12052
OAS30243_ses-d0034_run-02,rh,rh-postcentral,2.40396,2.38635
OAS30243_ses-d0034_run-02,rh,rh-posteriorcingulate,3.11671,3.10285
OAS30243_ses-d0034_run-02,rh,rh-precentral,2.71289,2.70735
OAS30243_ses-d0034_run-02,rh,rh-precuneus,3.0015,2.96725
OAS30243_ses-d0034_run-02,rh,rh-rostralanteriorcingulate,3.57319,3.57319
OAS30243_ses-d0034_run-02,rh,rh-rostralmiddlefrontal,3.14358,3.12428
OAS30243_ses-d0034_run-02,rh,rh-superiorfrontal,2.93508,2.93077
OAS30243_ses-d0034_run-02,rh,rh-superiorparietal,2.60344,2.5919
OAS30243_ses-d0034_run-02,rh,rh-superiortemporal,3.10524,3.10071
OAS30243_ses-d0034_run-02,rh,rh-supramarginal,2.90427,2.88341
OAS30243_ses-d0034_run-02,rh,rh-frontalpole,4.05652,4.05652
OAS30243_ses-d0034_run-02,rh,rh-temporalpole,3.34666,3.34355
OAS30243_ses-d0034_run-02,rh,rh-transversetemporal,2.45109,2.45109
OAS30243_ses-d0034_run-02,rh,rh-insula,3.4503,3.44869
OAS30271_ses-d0004_run-01,lh,lh-bankssts,2.50139,2.49516
OAS30271_ses-d0004_run-01,lh,lh-caudalanteriorcingulate,2.99393,2.99393
OAS30271_ses-d0004_run-01,lh,lh-caudalmiddlefrontal,2.44175,2.44175
OAS30271_ses-d0004_run-01,lh,lh-cuneus,2.21932,2.21932
OAS30271_ses-d0004_run-01,lh,lh-entorhinal,3.74233,3.68652
OAS30271_ses-d0004_run-01,lh,lh-fusiform,2.9788,2.96985
OAS30271_ses-d0004_run-01,lh,lh-inferiorparietal,2.32257,2.32257
OAS30271_ses-d0004_run-01,lh,lh-inferiortemporal,2.95831,2.95643
OAS30271_ses-d0004_run-01,lh,lh-isthmuscingulate,2.45004,2.44955
OAS30271_ses-d0004_run-01,lh,lh-lateraloccipital,2.44216,2.44206
OAS30271_ses-d0004_run-01,lh,lh-lateralorbitofrontal,3.00135,3.00135
OAS30271_ses-d0004_run-01,lh,lh-lingual,2.43023,2.42782
OAS30271_ses-d0004_run-01,lh,lh-medialorbitofrontal,2.5313,2.5313
OAS30271_ses-d0004_run-01,lh,lh-middletemporal,3.02804,3.0256
OAS30271_ses-d0004_run-01,lh,lh-parahippocampal,3.15788,3.15407
OAS30271_ses-d0004_run-01,lh,lh-paracentral,2.53689,2.53689
OAS30271_ses-d0004_run-01,lh,lh-parsopercularis,2.69441,2.69441
OAS30271_ses-d0004_run-01,lh,lh-parsorbitalis,3.06875,3.05492
OAS30271_ses-d0004_run-01,lh,lh-parstriangularis,2.51679,2.5086
OAS30271_ses-d0004_run-01,lh,lh-pericalcarine,1.88421,1.88317
OAS30271_ses-d0004_run-01,lh,lh-postcentral,2.15986,2.15979
OAS30271_ses-d0004_run-01,lh,lh-posteriorcingulate,2.46967,2.46967
OAS30271_ses-d0004_run-01,lh,lh-precentral,2.5905,2.58917
OAS30271_ses-d0004_run-01,lh,lh-precuneus,2.206,2.206
OAS30271_ses-d0004_run-01,lh,lh-rostralanteriorcingulate,3.43818,3.43818
OAS30271_ses-d0004_run-01,lh,lh-rostralmiddlefrontal,2.47181,2.46056
OAS30271_ses-d0004_run-01,lh,lh-superiorfrontal,2.57861,2.57863
OAS30271_ses-d0004_run-01,lh,lh-superiorparietal,2.15346,2.15346
OAS30271_ses-d0004_run-01,lh,lh-superiortemporal,2.58408,2.58268
OAS30271_ses-d0004_run-01,lh,lh-supramarginal,2.48373,2.48284
OAS30271_ses-d0004_run-01,lh,lh-frontalpole,3.12575,3.12575
OAS30271_ses-d0004_run-01,lh,lh-temporalpole,4.03285,4.03309
OAS30271_ses-d0004_run-01,lh,lh-transversetemporal,2.56802,2.568
OAS30271_ses-d0004_run-01,lh,lh-insula,3.35627,3.35625
OAS30271_ses-d0004_run-01,rh,rh-bankssts,2.83713,2.83713
OAS30271_ses-d0004_run-01,rh,rh-caudalanteriorcingulate,3.07469,3.07469
OAS30271_ses-d0004_run-01,rh,rh-caudalmiddlefrontal,2.49014,2.49014
OAS30271_ses-d0004_run-01,rh,rh-cuneus,2.16687,2.16687
OAS30271_ses-d0004_run-01,rh,rh-entorhinal,4.02523,4.00004
OAS30271_ses-d0004_run-01,rh,rh-fusiform,3.10305,3.08696
OAS30271_ses-d0004_run-01,rh,rh-inferiorparietal,2.14916,2.14916
OAS30271_ses-d0004_run-01,rh,rh-inferiortemporal,3.11471,3.10933
OAS30271_ses-d0004_run-01,rh,rh-isthmuscingulate,2.4201,2.4201
OAS30271_ses-d0004_run-01,rh,rh-lateraloccipital,2.4508,2.44814
OAS30271_ses-d0004_run-01,rh,rh-lateralorbitofrontal,3.16595,3.16595
OAS30271_ses-d0004_run-01,rh,rh-lingual,2.62434,2.62212
OAS30271_ses-d0004_run-01,rh,rh-medialorbitofrontal,2.71396,2.71396
OAS30271_ses-d0004_run-01,rh,rh-middletemporal,3.24878,3.24098
OAS30271_ses-d0004_run-01,rh,rh-parahippocampal,2.93635,2.91198
OAS30271_ses-d0004_run-01,rh,rh-paracentral,2.78135,2.78135
OAS30271_ses-d0004_run-01,rh,rh-parsopercularis,2.75088,2.74984
OAS30271_ses-d0004_run-01,rh,rh-parsorbitalis,3.13724,3.13724
OAS30271_ses-d0004_run-01,rh,rh-parstriangularis,2.63769,2.6377
OAS30271_ses-d0004_run-01,rh,rh-pericalcarine,1.8848,1.88479
OAS30271_ses-d0004_run-01,rh,rh-postcentral,2.2025,2.2025
OAS30271_ses-d0004_run-01,rh,rh-posteriorcingulate,2.6679,2.6679
OAS30271_ses-d0004_run-01,rh,rh-precentral,2.67889,2.67889
OAS30271_ses-d0004_run-01,rh,rh-precuneus,2.30203,2.30203
OAS30271_ses-d0004_run-01,rh,rh-rostralanteriorcingulate,3.43527,3.43527
OAS30271_ses-d0004_run-01,rh,rh-rostralmiddlefrontal,2.46935,2.46935
OAS30271_ses-d0004_run-01,rh,rh-superiorfrontal,2.66345,2.66237
OAS30271_ses-d0004_run-01,rh,rh-superiorparietal,1.98503,1.98503
OAS30271_ses-d0004_run-01,rh,rh-superiortemporal,2.99176,2.99176
OAS30271_ses-d0004_run-01,rh,rh-supramarginal,2.65127,2.64424
OAS30271_ses-d0004_run-01,rh,rh-frontalpole,3.05,3.05
OAS30271_ses-d0004_run-01,rh,rh-temporalpole,4.39473,4.3899
OAS30271_ses-d0004_run-01,rh,rh-transversetemporal,2.38951,2.38951
OAS30271_ses-d0004_run-01,rh,rh-insula,3.54097,3.54077
OAS30271_ses-d0004_run-02,lh,lh-bankssts,2.58636,2.58636
OAS30271_ses-d0004_run-02,lh,lh-caudalanteriorcingulate,2.99679,2.99679
OAS30271_ses-d0004_run-02,lh,lh-caudalmiddlefrontal,2.43884,2.43884
OAS30271_ses-d0004_run-02,lh,lh-cuneus,2.39812,2.39747
OAS30271_ses-d0004_run-02,lh,lh-entorhinal,3.70898,3.70898
OAS30271_ses-d0004_run-02,lh,lh-fusiform,3.04859,3.0444
OAS30271_ses-d0004_run-02,lh,lh-inferiorparietal,2.4525,2.4525
OAS30271_ses-d0004_run-02,lh,lh-inferiortemporal,3.03319,3.0282
OAS30271_ses-d0004_run-02,lh,lh-isthmuscingulate,2.4626,2.46098
OAS30271_ses-d0004_run-02,lh,lh-lateraloccipital,2.52517,2.52484
OAS30271_ses-d0004_run-02,lh,lh-lateralorbitofrontal,2.94875,2.94875
OAS30271_ses-d0004_run-02,lh,lh-lingual,2.47318,2.46954
OAS30271_ses-d0004_run-02,lh,lh-medialorbitofrontal,2.57396,2.57396
OAS30271_ses-d0004_run-02,lh,lh-middletemporal,3.11505,3.11279
OAS30271_ses-d0004_run-02,lh,lh-parahippocampal,3.19141,3.18566
OAS30271_ses-d0004_run-02,lh,lh-paracentral,2.6025,2.6025
OAS30271_ses-d0004_run-02,lh,lh-parsopercularis,2.66697,2.66697
OAS30271_ses-d0004_run-02,lh,lh-parsorbitalis,2.89218,2.89218
OAS30271_ses-d0004_run-02,lh,lh-parstriangularis,2.60791,2.60791
OAS30271_ses-d0004_run-02,lh,lh-pericalcarine,2.02834,2.02663
OAS30271_ses-d0004_run-02,lh,lh-postcentral,2.19943,2.19943
OAS30271_ses-d0004_run-02,lh,lh-posteriorcingulate,2.51537,2.51537
OAS30271_ses-d0004_run-02,lh,lh-precentral,2.66587,2.66587
OAS30271_ses-d0004_run-02,lh,lh-precuneus,2.27409,2.27409
OAS30271_ses-d0004_run-02,lh,lh-rostralanteriorcingulate,3.50719,3.50719
OAS30271_ses-d0004_run-02,lh,lh-rostralmiddlefrontal,2.33271,2.32967
OAS30271_ses-d0004_run-02,lh,lh-superiorfrontal,2.64508,2.64508
OAS30271_ses-d0004_run-02,lh,lh-superiorparietal,2.16641,2.16641
OAS30271_ses-d0004_run-02,lh,lh-superiortemporal,2.78435,2.78332
OAS30271_ses-d0004_run-02,lh,lh-supramarginal,2.62552,2.62552
OAS30271_ses-d0004_run-02,lh,lh-frontalpole,2.81968,2.81968
OAS30271_ses-d0004_run-02,lh,lh-temporalpole,4.28753,4.28591
OAS30271_ses-d0004_run-02,lh,lh-transversetemporal,2.72039,2.72039
OAS30271_ses-d0004_run-02,lh,lh-insula,3.34019,3.34019
OAS30271_ses-d0004_run-02,rh,rh-bankssts,2.75249,2.75249
OAS30271_ses-d0004_run-02,rh,rh-caudalanteriorcingulate,3.09404,3.09404
OAS30271_ses-d0004_run-02,rh,rh-caudalmiddlefrontal,2.4816,2.4816
OAS30271_ses-d0004_run-02,rh,rh-cuneus,2.26892,2.26872
OAS30271_ses-d0004_run-02,rh,rh-entorhinal,4.27945,4.27999
OAS30271_ses-d0004_run-02,rh,rh-fusiform,3.14918,3.14356
OAS30271_ses-d0004_run-02,rh,rh-inferiorparietal,2.22799,2.22799
OAS30271_ses-d0004_run-02,rh,rh-inferiortemporal,3.12925,3.12292
OAS30271_ses-d0004_run-02,rh,rh-isthmuscingulate,2.47775,2.47702
OAS30271_ses-d0004_run-02,rh,rh-lateraloccipital,2.40973,2.40774
OAS30271_ses-d0004_run-02,rh,rh-lateralorbitofrontal,3.149,3.149
OAS30271_ses-d0004_run-02,rh,rh-lingual,2.66679,2.65947
OAS30271_ses-d0004_run-02,rh,rh-medialorbitofrontal,2.78237,2.78237
OAS30271_ses-d0004_run-02,rh,rh-middletemporal,3.23593,3.23486
OAS30271_ses-d0004_run-02,rh,rh-parahippocampal,2.95692,2.94103
OAS30271_ses-d0004_run-02,rh,rh-paracentral,2.81773,2.81773
OAS30271_ses-d0004_run-02,rh,rh-parsopercularis,2.81607,2.81607
OAS30271_ses-d0004_run-02,rh,rh-parsorbitalis,2.94456,2.94456
OAS30271_ses-d0004_run-02,rh,rh-parstriangularis,2.75245,2.75245
OAS30271_ses-d0004_run-02,rh,rh-pericalcarine,1.95983,1.95978
OAS30271_ses-d0004_run-02,rh,rh-postcentral,2.20238,2.20237
OAS30271_ses-d0004_run-02,rh,rh-posteriorcingulate,2.58617,2.58617
OAS30271_ses-d0004_run-02,rh,rh-precentral,2.68681,2.68681
OAS30271_ses-d0004_run-02,rh,rh-precuneus,2.39366,2.39366
OAS30271_ses-d0004_run-02,rh,rh-rostralanteriorcingulate,3.52036,3.52036
OAS30271_ses-d0004_run-02,rh,rh-rostralmiddlefrontal,2.46068,2.45674
OAS30271_ses-d0004_run-02,rh,rh-superiorfrontal,2.72126,2.72098
OAS30271_ses-d0004_run-02,rh,rh-superiorparietal,2.07635,2.07635
OAS30271_ses-d0004_run-02,rh,rh-superiortemporal,2.98069,2.98069
OAS30271_ses-d0004_run-02,rh,rh-supramarginal,2.6404,2.63631
OAS30271_ses-d0004_run-02,rh,rh-frontalpole,3.3167,3.3167
OAS30271_ses-d0004_run-02,rh,rh-temporalpole,4.52032,4.4323
OAS30271_ses-d0004_run-02,rh,rh-transversetemporal,2.62316,2.62316
OAS30271_ses-d0004_run-02,rh,rh-insula,3.49275,3.49275
OAS30303_ses-d1948_run-01,lh,lh-bankssts,3.11139,3.09325
OAS30303_ses-d1948_run-01,lh,lh-caudalanteriorcingulate,3.36787,3.35116
OAS30303_ses-d1948_run-01,lh,lh-caudalmiddlefrontal,3.22929,3.19886
OAS30303_ses-d1948_run-01,lh,lh-cuneus,2.53001,2.52576
OAS30303_ses-d1948_run-01,lh,lh-entorhinal,4.00536,3.82649
OAS30303_ses-d1948_run-01,lh,lh-fusiform,3.66736,3.56997
OAS30303_ses-d1948_run-01,lh,lh-inferiorparietal,3.12431,3.1076
OAS30303_ses-d1948_run-01,lh,lh-inferiortemporal,3.59723,3.51719
OAS30303_ses-d1948_run-01,lh,lh-isthmuscingulate,2.84959,2.84201
OAS30303_ses-d1948_run-01,lh,lh-lateraloccipital,2.9006,2.85126
OAS30303_ses-d1948_run-01,lh,lh-lateralorbitofrontal,3.39429,3.34646
OAS30303_ses-d1948_run-01,lh,lh-lingual,2.82046,2.78679
OAS30303_ses-d1948_run-01,lh,lh-medialorbitofrontal,3.23054,3.20086
OAS30303_ses-d1948_run-01,lh,lh-middletemporal,3.55121,3.48179
OAS30303_ses-d1948_run-01,lh,lh-parahippocampal,4.01165,3.90944
OAS30303_ses-d1948_run-01,lh,lh-paracentral,3.11958,3.11787
OAS30303_ses-d1948_run-01,lh,lh-parsopercularis,3.19661,3.17371
OAS30303_ses-d1948_run-01,lh,lh-parsorbitalis,3.11573,3.11203
OAS30303_ses-d1948_run-01,lh,lh-parstriangularis,2.90981,2.90832
OAS30303_ses-d1948_run-01,lh,lh-pericalcarine,2.05213,2.04743
OAS30303_ses-d1948_run-01,lh,lh-postcentral,2.67833,2.6768
OAS30303_ses-d1948_run-01,lh,lh-posteriorcingulate,3.04975,3.02652
OAS30303_ses-d1948_run-01,lh,lh-precentral,3.20816,3.19763
OAS30303_ses-d1948_run-01,lh,lh-precuneus,3.03116,3.02368
OAS30303_ses-d1948_run-01,lh,lh-rostralanteriorcingulate,3.43739,3.30716
OAS30303_ses-d1948_run-01,lh,lh-rostralmiddlefrontal,3.0736,3.06607
OAS30303_ses-d1948_run-01,lh,lh-superiorfrontal,3.46681,3.45507
OAS30303_ses-d1948_run-01,lh,lh-superiorparietal,2.88086,2.87564
OAS30303_ses-d1948_run-01,lh,lh-superiortemporal,3.60557,3.56934
OAS30303_ses-d1948_run-01,lh,lh-supramarginal,3.24051,3.23333
OAS30303_ses-d1948_run-01,lh,lh-frontalpole,3.66956,3.67054
OAS30303_ses-d1948_run-01,lh,lh-temporalpole,4.72753,4.70001
OAS30303_ses-d1948_run-01,lh,lh-transversetemporal,3.28015,3.28069
OAS30303_ses-d1948_run-01,lh,lh-insula,3.96434,3.94042
OAS30303_ses-d1948_run-01,rh,rh-bankssts,3.11472,3.03303
OAS30303_ses-d1948_run-01,rh,rh-caudalanteriorcingulate,2.95188,2.93715
OAS30303_ses-d1948_run-01,rh,rh-caudalmiddlefrontal,3.12554,3.11437
OAS30303_ses-d1948_run-01,rh,rh-cuneus,2.57939,2.57678
OAS30303_ses-d1948_run-01,rh,rh-entorhinal,4.45591,4.28525
OAS30303_ses-d1948_run-01,rh,rh-fusiform,3.79256,3.71728
OAS30303_ses-d1948_run-01,rh,rh-inferiorparietal,3.16434,3.1272
OAS30303_ses-d1948_run-01,rh,rh-inferiortemporal,3.76119,3.67968
OAS30303_ses-d1948_run-01,rh,rh-isthmuscingulate,3.05883,3.01459
OAS30303_ses-d1948_run-01,rh,rh-lateraloccipital,2.99948,2.94658
OAS30303_ses-d1948_run-01,rh,rh-lateralorbitofrontal,3.57168,3.54576
OAS30303_ses-d1948_run-01,rh,rh-lingual,2.82599,2.76877
OAS30303_ses-d1948_run-01,rh,rh-medialorbitofrontal,2.97446,2.94889
OAS30303_ses-d1948_run-01,rh,rh-middletemporal,3.70243,3.63628
OAS30303_ses-d1948_run-01,rh,rh-parahippocampal,3.78054,3.67119
OAS30303_ses-d1948_run-01,rh,rh-paracentral,3.2469,3.22292
OAS30303_ses-d1948_run-01,rh,rh-parsopercularis,3.23902,3.20613
OAS30303_ses-d1948_run-01,rh,rh-parsorbitalis,3.08807,3.07726
OAS30303_ses-d1948_run-01,rh,rh-parstriangularis,3.01761,3.01718
OAS30303_ses-d1948_run-01,rh,rh-pericalcarine,2.1671,2.16624
OAS30303_ses-d1948_run-01,rh,rh-postcentral,2.53268,2.52371
OAS30303_ses-d1948_run-01,rh,rh-posteriorcingulate,3.02242,2.98022
OAS30303_ses-d1948_run-01,rh,rh-precentral,3.03841,3.03372
OAS30303_ses-d1948_run-01,rh,rh-precuneus,3.13215,3.10779
OAS30303_ses-d1948_run-01,rh,rh-rostralanteriorcingulate,3.30898,3.27363
OAS30303_ses-d1948_run-01,rh,rh-rostralmiddlefrontal,3.04368,3.03209
OAS30303_ses-d1948_run-01,rh,rh-superiorfrontal,3.39574,3.3762
OAS30303_ses-d1948_run-01,rh,rh-superiorparietal,2.77181,2.76783
OAS30303_ses-d1948_run-01,rh,rh-superiortemporal,3.56531,3.54617
OAS30303_ses-d1948_run-01,rh,rh-supramarginal,3.18004,3.16627
OAS30303_ses-d1948_run-01,rh,rh-frontalpole,3.15075,3.15075
OAS30303_ses-d1948_run-01,rh,rh-temporalpole,4.50374,4.40455
OAS30303_ses-d1948_run-01,rh,rh-transversetemporal,3.01928,3.0116
OAS30303_ses-d1948_run-01,rh,rh-insula,4.07083,4.04137
OAS30303_ses-d1948_run-02,lh,lh-bankssts,3.08919,3.08179
OAS30303_ses-d1948_run-02,lh,lh-caudalanteriorcingulate,3.40776,3.39143
OAS30303_ses-d1948_run-02,lh,lh-caudalmiddlefrontal,3.2187,3.19096
OAS30303_ses-d1948_run-02,lh,lh-cuneus,2.55454,2.55207
OAS30303_ses-d1948_run-02,lh,lh-entorhinal,4.10125,3.97956
OAS30303_ses-d1948_run-02,lh,lh-fusiform,3.62219,3.52721
OAS30303_ses-d1948_run-02,lh,lh-inferiorparietal,3.10922,3.09241
OAS30303_ses-d1948_run-02,lh,lh-inferiortemporal,3.55523,3.48701
OAS30303_ses-d1948_run-02,lh,lh-isthmuscingulate,2.82413,2.81683
OAS30303_ses-d1948_run-02,lh,lh-lateraloccipital,2.91312,2.875
OAS30303_ses-d1948_run-02,lh,lh-lateralorbitofrontal,3.33038,3.296
OAS30303_ses-d1948_run-02,lh,lh-lingual,2.85166,2.81855
OAS30303_ses-d1948_run-02,lh,lh-medialorbitofrontal,3.15156,3.10964
OAS30303_ses-d1948_run-02,lh,lh-middletemporal,3.53822,3.47709
OAS30303_ses-d1948_run-02,lh,lh-parahippocampal,3.83055,3.76219
OAS30303_ses-d1948_run-02,lh,lh-paracentral,3.08556,3.08556
OAS30303_ses-d1948_run-02,lh,lh-parsopercularis,3.18913,3.17255
OAS30303_ses-d1948_run-02,lh,lh-parsorbitalis,3.21457,3.20606
OAS30303_ses-d1948_run-02,lh,lh-parstriangularis,2.93993,2.93173
OAS30303_ses-d1948_run-02,lh,lh-pericalcarine,2.16112,2.15703
OAS30303_ses-d1948_run-02,lh,lh-postcentral,2.66797,2.66669
OAS30303_ses-d1948_run-02,lh,lh-posteriorcingulate,3.14658,3.12961
OAS30303_ses-d1948_run-02,lh,lh-precentral,3.19914,3.19163
OAS30303_ses-d1948_run-02,lh,lh-precuneus,3.04324,3.03725
OAS30303_ses-d1948_run-02,lh,lh-rostralanteriorcingulate,3.39265,3.28641
OAS30303_ses-d1948_run-02,lh,lh-rostralmiddlefrontal,3.09174,3.08038
OAS30303_ses-d1948_run-02,lh,lh-superiorfrontal,3.45919,3.44755
OAS30303_ses-d1948_run-02,lh,lh-superiorparietal,2.86737,2.862
OAS30303_ses-d1948_run-02,lh,lh-superiortemporal,3.5471,3.51459
OAS30303_ses-d1948_run-02,lh,lh-supramarginal,3.21771,3.21094
OAS30303_ses-d1948_run-02,lh,lh-frontalpole,3.77601,3.77685
OAS30303_ses-d1948_run-02,lh,lh-temporalpole,4.82539,4.79592
OAS30303_ses-d1948_run-02,lh,lh-transversetemporal,3.27922,3.27917
OAS30303_ses-d1948_run-02,lh,lh-insula,3.96099,3.94251
OAS30303_ses-d1948_run-02,rh,rh-bankssts,3.11071,3.0289
OAS30303_ses-d1948_run-02,rh,rh-caudalanteriorcingulate,2.93695,2.92766
OAS30303_ses-d1948_run-02,rh,rh-caudalmiddlefrontal,3.17192,3.15503
OAS30303_ses-d1948_run-02,rh,rh-cuneus,2.64961,2.64827
OAS30303_ses-d1948_run-02,rh,rh-entorhinal,4.33762,4.18076
OAS30303_ses-d1948_run-02,rh,rh-fusiform,3.75096,3.67791
OAS30303_ses-d1948_run-02,rh,rh-inferiorparietal,3.09096,3.05345
OAS30303_ses-d1948_run-02,rh,rh-inferiortemporal,3.69728,3.62043
OAS30303_ses-d1948_run-02,rh,rh-isthmuscingulate,3.07791,3.02751
OAS30303_ses-d1948_run-02,rh,rh-lateraloccipital,3.00384,2.94759
OAS30303_ses-d1948_run-02,rh,rh-lateralorbitofrontal,3.52259,3.49935
OAS30303_ses-d1948_run-02,rh,rh-lingual,2.84126,2.78518
OAS30303_ses-d1948_run-02,rh,rh-medialorbitofrontal,2.97841,2.95421
OAS30303_ses-d1948_run-02,rh,rh-middletemporal,3.6768,3.61015
OAS30303_ses-d1948_run-02,rh,rh-parahippocampal,3.78026,3.67905
OAS30303_ses-d1948_run-02,rh,rh-paracentral,3.22791,3.21083
OAS30303_ses-d1948_run-02,rh,rh-parsopercularis,3.2235,3.18575
OAS30303_ses-d1948_run-02,rh,rh-parsorbitalis,3.13621,3.12946
OAS30303_ses-d1948_run-02,rh,rh-parstriangularis,3.11892,3.1155
OAS30303_ses-d1948_run-02,rh,rh-pericalcarine,2.30368,2.29708
OAS30303_ses-d1948_run-02,rh,rh-postcentral,2.6232,2.61488
OAS30303_ses-d1948_run-02,rh,rh-posteriorcingulate,3.03345,2.99974
OAS30303_ses-d1948_run-02,rh,rh-precentral,3.06712,3.06352
OAS30303_ses-d1948_run-02,rh,rh-precuneus,3.13239,3.11217
OAS30303_ses-d1948_run-02,rh,rh-rostralanteriorcingulate,3.31182,3.28091
OAS30303_ses-d1948_run-02,rh,rh-rostralmiddlefrontal,3.0779,3.0678
OAS30303_ses-d1948_run-02,rh,rh-superiorfrontal,3.3612,3.3464
OAS30303_ses-d1948_run-02,rh,rh-superiorparietal,2.80133,2.79606
OAS30303_ses-d1948_run-02,rh,rh-superiortemporal,3.53852,3.52428
OAS30303_ses-d1948_run-02,rh,rh-supramarginal,3.15237,3.14431
OAS30303_ses-d1948_run-02,rh,rh-frontalpole,3.3684,3.32071
OAS30303_ses-d1948_run-02,rh,rh-temporalpole,4.55152,4.49243
OAS30303_ses-d1948_run-02,rh,rh-transversetemporal,3.03462,3.03063
OAS30303_ses-d1948_run-02,rh,rh-insula,4.03673,4.0155
OAS30345_ses-d0087_run-01,lh,lh-bankssts,2.49805,2.49676
OAS30345_ses-d0087_run-01,lh,lh-caudalanteriorcingulate,2.62565,2.52866
OAS30345_ses-d0087_run-01,lh,lh-caudalmiddlefrontal,2.93623,2.93396
OAS30345_ses-d0087_run-01,lh,lh-cuneus,2.25692,2.25613
OAS30345_ses-d0087_run-01,lh,lh-entorhinal,2.4127,2.4127
OAS30345_ses-d0087_run-01,lh,lh-fusiform,3.06978,3.05364
OAS30345_ses-d0087_run-01,lh,lh-inferiorparietal,2.86993,2.86772
OAS30345_ses-d0087_run-01,lh,lh-inferiortemporal,3.32274,3.3192
OAS30345_ses-d0087_run-01,lh,lh-isthmuscingulate,2.67672,2.67462
OAS30345_ses-d0087_run-01,lh,lh-lateraloccipital,2.6053,2.5935
OAS30345_ses-d0087_run-01,lh,lh-lateralorbitofrontal,3.08556,3.06772
OAS30345_ses-d0087_run-01,lh,lh-lingual,2.50948,2.50122
OAS30345_ses-d0087_run-01,lh,lh-medialorbitofrontal,2.85342,2.8399
OAS30345_ses-d0087_run-01,lh,lh-middletemporal,3.07147,3.06596
OAS30345_ses-d0087_run-01,lh,lh-parahippocampal,2.68937,2.66472
OAS30345_ses-d0087_run-01,lh,lh-paracentral,2.79744,2.79489
OAS30345_ses-d0087_run-01,lh,lh-parsopercularis,2.93887,2.93761
OAS30345_ses-d0087_run-01,lh,lh-parsorbitalis,3.23719,3.23086
OAS30345_ses-d0087_run-01,lh,lh-parstriangularis,2.90699,2.88988
OAS30345_ses-d0087_run-01,lh,lh-pericalcarine,1.9162,1.91479
OAS30345_ses-d0087_run-01,lh,lh-postcentral,2.30655,2.30635
OAS30345_ses-d0087_run-01,lh,lh-posteriorcingulate,2.93771,2.93597
OAS30345_ses-d0087_run-01,lh,lh-precentral,2.81809,2.81505
OAS30345_ses-d0087_run-01,lh,lh-precuneus,2.79605,2.7903
OAS30345_ses-d0087_run-01,lh,lh-rostralanteriorcingulate,2.97985,2.98047
OAS30345_ses-d0087_run-01,lh,lh-rostralmiddlefrontal,2.82279,2.81722
OAS30345_ses-d0087_run-01,lh,lh-superiorfrontal,3.23166,3.2248
OAS30345_ses-d0087_run-01,lh,lh-superiorparietal,2.55726,2.55726
OAS30345_ses-d0087_run-01,lh,lh-superiortemporal,3.03916,3.03916
OAS30345_ses-d0087_run-01,lh,lh-supramarginal,2.91947,2.91809
OAS30345_ses-d0087_run-01,lh,lh-frontalpole,3.62875,3.62875
OAS30345_ses-d0087_run-01,lh,lh-temporalpole,3.53979,3.53979
OAS30345_ses-d0087_run-01,lh,lh-transversetemporal,2.51488,2.51488
OAS30345_ses-d0087_run-01,lh,lh-insula,3.21025,3.20351
OAS30345_ses-d0087_run-01,rh,rh-bankssts,3.04168,3.0295
OAS30345_ses-d0087_run-01,rh,rh-caudalanteriorcingulate,3.15829,3.14232
OAS30345_ses-d0087_run-01,rh,rh-caudalmiddlefrontal,2.79317,2.78514
OAS30345_ses-d0087_run-01,rh,rh-cuneus,2.12942,2.12229
OAS30345_ses-d0087_run-01,rh,rh-entorhinal,2.67658,2.67658
OAS30345_ses-d0087_run-01,rh,rh-fusiform,3.1086,3.08509
OAS30345_ses-d0087_run-01,rh,rh-inferiorparietal,2.7832,2.78001
OAS30345_ses-d0087_run-01,rh,rh-inferiortemporal,3.1329,3.11694
OAS30345_ses-d0087_run-01,rh,rh-isthmuscingulate,2.81058,2.79609
OAS30345_ses-d0087_run-01,rh,rh-lateraloccipital,2.64099,2.62944
OAS30345_ses-d0087_run-01,rh,rh-lateralorbitofrontal,3.24369,3.23636
OAS30345_ses-d0087_run-01,rh,rh-lingual,2.48607,2.47372
OAS30345_ses-d0087_run-01,rh,rh-medialorbitofrontal,2.88696,2.88329
OAS30345_ses-d0087_run-01,rh,rh-middletemporal,3.28689,3.26478
OAS30345_ses-d0087_run-01,rh,rh-parahippocampal,3.06329,3.04413
OAS30345_ses-d0087_run-01,rh,rh-paracentral,2.90494,2.90499
OAS30345_ses-d0087_run-01,rh,rh-parsopercularis,2.98559,2.97421
OAS30345_ses-d0087_run-01,rh,rh-parsorbitalis,3.14452,3.14455
OAS30345_ses-d0087_run-01,rh,rh-parstriangularis,2.81287,2.81287
OAS30345_ses-d0087_run-01,rh,rh-pericalcarine,1.72815,1.72624
OAS30345_ses-d0087_run-01,rh,rh-postcentral,2.11186,2.10978
OAS30345_ses-d0087_run-01,rh,rh-posteriorcingulate,3.00841,3.00725
OAS30345_ses-d0087_run-01,rh,rh-precentral,2.58192,2.57834
OAS30345_ses-d0087_run-01,rh,rh-precuneus,2.8456,2.82963
OAS30345_ses-d0087_run-01,rh,rh-rostralanteriorcingulate,3.08784,3.08752
OAS30345_ses-d0087_run-01,rh,rh-rostralmiddlefrontal,2.90675,2.90321
OAS30345_ses-d0087_run-01,rh,rh-superiorfrontal,3.19716,3.19387
OAS30345_ses-d0087_run-01,rh,rh-superiorparietal,2.46097,2.45822
OAS30345_ses-d0087_run-01,rh,rh-superiortemporal,3.11797,3.11788
OAS30345_ses-d0087_run-01,rh,rh-supramarginal,2.9329,2.92944
OAS30345_ses-d0087_run-01,rh,rh-frontalpole,3.28114,3.28114
OAS30345_ses-d0087_run-01,rh,rh-temporalpole,3.7918,3.78728
OAS30345_ses-d0087_run-01,rh,rh-transversetemporal,2.33891,2.33891
OAS30345_ses-d0087_run-01,rh,rh-insula,3.1997,3.19563
OAS30345_ses-d0087_run-02,lh,lh-bankssts,2.42206,2.42025
OAS30345_ses-d0087_run-02,lh,lh-caudalanteriorcingulate,2.63983,2.57518
OAS30345_ses-d0087_run-02,lh,lh-caudalmiddlefrontal,2.98989,2.98679
OAS30345_ses-d0087_run-02,lh,lh-cuneus,2.30877,2.3083
OAS30345_ses-d0087_run-02,lh,lh-entorhinal,2.26006,2.26006
OAS30345_ses-d0087_run-02,lh,lh-fusiform,3.0668,3.049
OAS30345_ses-d0087_run-02,lh,lh-inferiorparietal,2.85167,2.85167
OAS30345_ses-d0087_run-02,lh,lh-inferiortemporal,3.32117,3.31322
OAS30345_ses-d0087_run-02,lh,lh-isthmuscingulate,2.67077,2.67077
OAS30345_ses-d0087_run-02,lh,lh-lateraloccipital,2.58643,2.5781
OAS30345_ses-d0087_run-02,lh,lh-lateralorbitofrontal,3.20875,3.18191
OAS30345_ses-d0087_run-02,lh,lh-lingual,2.52221,2.51286
OAS30345_ses-d0087_run-02,lh,lh-medialorbitofrontal,2.89093,2.88108
OAS30345_ses-d0087_run-02,lh,lh-middletemporal,3.07248,3.0687
OAS30345_ses-d0087_run-02,lh,lh-parahippocampal,2.68755,2.66435
OAS30345_ses-d0087_run-02,lh,lh-paracentral,2.7878,2.78503
OAS30345_ses-d0087_run-02,lh,lh-parsopercularis,2.9344,2.92951
OAS30345_ses-d0087_run-02,lh,lh-parsorbitalis,3.13651,3.11835
OAS30345_ses-d0087_run-02,lh,lh-parstriangularis,2.85076,2.83037
OAS30345_ses-d0087_run-02,lh,lh-pericalcarine,1.94421,1.94421
OAS30345_ses-d0087_run-02,lh,lh-postcentral,2.24925,2.24925
OAS30345_ses-d0087_run-02,lh,lh-posteriorcingulate,2.99086,2.98339
OAS30345_ses-d0087_run-02,lh,lh-precentral,2.87377,2.87092
OAS30345_ses-d0087_run-02,lh,lh-precuneus,2.76635,2.76237
OAS30345_ses-d0087_run-02,lh,lh-rostralanteriorcingulate,2.9856,2.98613
OAS30345_ses-d0087_run-02,lh,lh-rostralmiddlefrontal,2.80703,2.80536
OAS30345_ses-d0087_run-02,lh,lh-superiorfrontal,3.2196,3.21513
OAS30345_ses-d0087_run-02,lh,lh-superiorparietal,2.56847,2.56806
OAS30345_ses-d0087_run-02,lh,lh-superiortemporal,2.99358,2.99358
OAS30345_ses-d0087_run-02,lh,lh-supramarginal,2.93736,2.93643
OAS30345_ses-d0087_run-02,lh,lh-frontalpole,3.59655,3.59655
OAS30345_ses-d0087_run-02,lh,lh-temporalpole,3.5549,3.5549
OAS30345_ses-d0087_run-02,lh,lh-transversetemporal,2.47332,2.47332
OAS30345_ses-d0087_run-02,lh,lh-insula,3.17401,3.16586
OAS30345_ses-d0087_run-02,rh,rh-bankssts,3.06878,3.03997
OAS30345_ses-d0087_run-02,rh,rh-caudalanteriorcingulate,3.08652,3.07762
OAS30345_ses-d0087_run-02,rh,rh-caudalmiddlefrontal,2.82124,2.81104
OAS30345_ses-d0087_run-02,rh,rh-cuneus,2.18033,2.17387
OAS30345_ses-d0087_run-02,rh,rh-entorhinal,2.52672,2.52672
OAS30345_ses-d0087_run-02,rh,rh-fusiform,3.12112,3.10254
OAS30345_ses-d0087_run-02,rh,rh-inferiorparietal,2.78929,2.78527
OAS30345_ses-d0087_run-02,rh,rh-inferiortemporal,3.15247,3.1319
OAS30345_ses-d0087_run-02,rh,rh-isthmuscingulate,2.7082,2.68615
OAS30345_ses-d0087_run-02,rh,rh-lateraloccipital,2.64951,2.63673
OAS30345_ses-d0087_run-02,rh,rh-lateralorbitofrontal,3.31037,3.30852
OAS30345_ses-d0087_run-02,rh,rh-lingual,2.51176,2.50132
OAS30345_ses-d0087_run-02,rh,rh-medialorbitofrontal,2.84435,2.83963
OAS30345_ses-d0087_run-02,rh,rh-middletemporal,3.29542,3.2663
OAS30345_ses-d0087_run-02,rh,rh-parahippocampal,2.86883,2.85411
OAS30345_ses-d0087_run-02,rh,rh-paracentral,2.79596,2.79596
OAS30345_ses-d0087_run-02,rh,rh-parsopercularis,2.93759,2.92847
OAS30345_ses-d0087_run-02,rh,rh-parsorbitalis,3.33645,3.33633
OAS30345_ses-d0087_run-02,rh,rh-parstriangularis,2.77412,2.77412
OAS30345_ses-d0087_run-02,rh,rh-pericalcarine,1.81742,1.81719
OAS30345_ses-d0087_run-02,rh,rh-postcentral,2.13884,2.13884
OAS30345_ses-d0087_run-02,rh,rh-posteriorcingulate,2.92154,2.92107
OAS30345_ses-d0087_run-02,rh,rh-precentral,2.71132,2.70779
OAS30345_ses-d0087_run-02,rh,rh-precuneus,2.8245,2.81157
OAS30345_ses-d0087_run-02,rh,rh-rostralanteriorcingulate,2.99456,2.99357
OAS30345_ses-d0087_run-02,rh,rh-rostralmiddlefrontal,2.95067,2.93916
OAS30345_ses-d0087_run-02,rh,rh-superiorfrontal,3.2293,3.225
OAS30345_ses-d0087_run-02,rh,rh-superiorparietal,2.51265,2.51149
OAS30345_ses-d0087_run-02,rh,rh-superiortemporal,3.09468,3.09468
OAS30345_ses-d0087_run-02,rh,rh-supramarginal,2.88914,2.88914
OAS30345_ses-d0087_run-02,rh,rh-frontalpole,3.18096,3.18096
OAS30345_ses-d0087_run-02,rh,rh-temporalpole,3.82908,3.82908
OAS30345_ses-d0087_run-02,rh,rh-transversetemporal,2.37808,2.37808
OAS30345_ses-d0087_run-02,rh,rh-insula,3.17584,3.16805
