hemisphere,cap,before,after,max_move,d_thickness,zero_thickness
OAS30001_ses-d0129.lh,0.05,5928,9792,0.25,-0.0035,0
OAS30001_ses-d0129.lh,0.25,5928,1623,0.83,-0.0207,0
OAS30001_ses-d0129.lh,1.00,5928,0,1.70,-0.0278,0
OAS30001_ses-d0129.rh,0.05,8643,14113,0.24,-0.0045,0
OAS30001_ses-d0129.rh,0.25,8643,2530,0.85,-0.0283,0
OAS30001_ses-d0129.rh,1.00,8643,6,1.75,-0.0377,1
OAS30060_ses-d0074.lh,0.05,1443,2237,0.20,-0.0010,0
OAS30060_ses-d0074.lh,0.25,1443,342,0.79,-0.0055,0
OAS30060_ses-d0074.lh,1.00,1443,0,1.34,-0.0073,0
OAS30060_ses-d0074.rh,0.05,2690,4193,0.32,-0.0016,0
OAS30060_ses-d0074.rh,0.25,2690,554,0.80,-0.0089,0
OAS30060_ses-d0074.rh,1.00,2690,0,1.32,-0.0114,0
OAS30097_ses-d0504.lh,0.05,4545,7486,0.20,-0.0024,0
OAS30097_ses-d0504.lh,0.25,4545,958,0.80,-0.0137,0
OAS30097_ses-d0504.lh,1.00,4545,0,1.39,-0.0177,0
OAS30097_ses-d0504.rh,0.05,5013,7946,0.21,-0.0025,0
OAS30097_ses-d0504.rh,0.25,5013,1094,0.93,-0.0137,0
OAS30097_ses-d0504.rh,1.00,5013,9,1.95,-0.0179,0
OAS30131_ses-d1901.lh,0.05,6455,10990,0.25,-0.0032,0
OAS30131_ses-d1901.lh,0.25,6455,1860,0.84,-0.0194,0
OAS30131_ses-d1901.lh,1.00,6455,11,1.94,-0.0260,2
OAS30131_ses-d1901.rh,0.05,8421,13615,0.26,-0.0036,0
OAS30131_ses-d1901.rh,0.25,8421,2220,0.92,-0.0237,0
OAS30131_ses-d1901.rh,1.00,8421,0,1.61,-0.0321,0
OAS30165_ses-d0563.lh,0.05,6115,10100,0.29,-0.0027,0
OAS30165_ses-d0563.lh,0.25,6115,1582,1.09,-0.0170,0
OAS30165_ses-d0563.lh,1.00,6115,0,1.67,-0.0223,0
OAS30165_ses-d0563.rh,0.05,7045,11551,0.28,-0.0028,0
OAS30165_ses-d0563.rh,0.25,7045,1671,0.97,-0.0183,0
OAS30165_ses-d0563.rh,1.00,7045,0,2.21,-0.0242,0
OAS30204_ses-d0033.lh,0.05,4841,7905,0.22,-0.0023,0
OAS30204_ses-d0033.lh,0.25,4841,1060,0.86,-0.0136,0
OAS30204_ses-d0033.lh,1.00,4841,21,2.19,-0.0179,4
OAS30204_ses-d0033.rh,0.05,3559,5799,0.23,-0.0019,0
OAS30204_ses-d0033.rh,0.25,3559,950,0.81,-0.0105,0
OAS30204_ses-d0033.rh,1.00,3559,0,1.41,-0.0139,0
