hemisphere,plain_walk,bank_cut_walk,tube_stamp,unstamped
OAS30001_ses-d0129_run-01.lh,3.80,3.60,2.02,0.93
OAS30001_ses-d0129_run-01.rh,3.89,3.73,2.22,0.86
OAS30060_ses-d0074_run-01.lh,3.52,3.42,1.64,0.98
OAS30060_ses-d0074_run-01.rh,3.38,3.30,1.69,1.03
OAS30097_ses-d0504_run-01.lh,3.49,3.33,1.83,0.83
OAS30097_ses-d0504_run-01.rh,3.64,3.49,1.95,0.93
OAS30131_ses-d1901_run-01.lh,3.80,3.68,2.18,0.90
OAS30131_ses-d1901_run-01.rh,3.82,3.70,2.34,0.76
OAS30165_ses-d0563_run-01.lh,3.53,3.34,2.03,0.77
OAS30165_ses-d0563_run-01.rh,3.40,3.27,1.99,0.83
OAS30204_ses-d0033_run-01.lh,3.62,3.47,2.00,1.12
OAS30204_ses-d0033_run-01.rh,3.43,3.33,1.75,1.16
